ndvi_mean,ndvi_std,ndvi_min,ndvi_max,ndvi_q25,ndvi_q75,evi_mean,evi_std,evi_min,evi_max,evi_q25,evi_q75,savi_mean,savi_std,savi_min,savi_max,savi_q25,savi_q75,ndwi_mean,ndwi_std,ndwi_min,ndwi_max,ndwi_q25,ndwi_q75,ci_mean,ci_std,ci_min,ci_max,ci_q25,ci_q75,label,label_name,yield
0.7249080237694725,0.02467983561008608,0.6755483525493003,0.7742676949896447,0.7083725339107149,0.7414435136282301,0.5897922674352817,0.019743868488068864,0.550304530459144,0.6292800044114194,0.5765638755482756,0.6030206593222878,0.6317783398190714,0.022211852049077472,0.5873546357209164,0.6762020439172264,0.6168963989461895,0.6466602806919532,0.38521429192297485,0.02232334448672798,0.3405676029495189,0.4298609808964308,0.3702576511168671,0.4001709327290826,6.195981825434215,0.3598528437324806,5.476276137969254,6.915687512899176,5.954880420133453,6.437083230734977,0,Healthy,10.404460046972835
0.5562108866694068,0.02545474901621302,0.5053013886369807,0.6071203847018328,0.5391562048285441,0.5732655685102694,0.4782129734155676,0.020363799212970417,0.4374853749896268,0.5189405718415084,0.4645692279428774,0.4918567188882578,0.48333014464316265,0.02290927411459172,0.4375115964139792,0.5291486928723461,0.4679809309863862,0.4986793582999391,-0.3938246517112593,0.027336180394137353,-0.448497012499534,-0.3391522909229846,-0.41213989257533135,-0.37550941084718725,4.439819704323988,0.19127267288786132,4.057274358548266,4.822365050099711,4.311667013489122,4.567972395158855,1,Water Stress,5.811891079080595
0.4647917527963174,0.03099085529881075,0.4028100421986959,0.5267734633939389,0.4440278797461142,0.4855556258465206,0.33578278830225816,0.024792684239048603,0.28619741982416097,0.38536815678035535,0.3191716898620956,0.3523938867424207,0.40584125642879876,0.027891769768929677,0.3500577168909394,0.4616247959666581,0.3871537706836159,0.4245287421739816,0.08736874205941257,0.038242799368681434,0.010883143322049704,0.16385434079677544,0.061746066482396014,0.11299141763642913,1.4118528947223794,0.33555278841790415,0.7407473178865711,2.0829584715581877,1.1870325264823836,1.6366732629623753,2,Nitrogen Deficiency,5.499184455395899
0.4528468876827223,0.06390309557911678,0.32504069652448875,0.5806530788409558,0.4100318136447141,0.4956619617207305,0.3730319953363217,0.051122476463293424,0.27078704240973483,0.47527694826290856,0.3387799361059151,0.4072840545667283,0.3877936463356876,0.057512786021205096,0.2727680742932774,0.5028192183780977,0.34926007970148015,0.426327212969895,0.21848291377240847,0.05795542149013333,0.10257207079214181,0.33439375675267513,0.17965278137401913,0.2573130461707978,2.0929008254399957,0.3896896099223679,1.3135216055952599,2.8722800452847315,1.8318087867920092,2.3539928640879824,3,Disease,5.520993370291153
0.17483047845120672,0.03485530730333811,0.10511986384453051,0.24454109305788294,0.1514774225579702,0.19818353434444325,0.1338796321349255,0.027884245842670487,0.07811114044958453,0.1896481238202665,0.11519718742033629,0.15256207684951473,0.1346697246967728,0.0313697765730043,0.0719301715507642,0.1974092778427814,0.11365197439285991,0.1556874750006857,-0.45116394299680807,0.021375540844608736,-0.49391502468602555,-0.4084128613075906,-0.4654855553626959,-0.4368423306309202,0.7473864212097256,0.37279612062363465,0.0017941799624563437,1.492978662456995,0.4976130203918904,0.9971598220275608,4,Severe Stress,1.5693159595200372
0.7825044568707964,0.04908753883293676,0.6843293792049229,0.8806795345366699,0.7496158058527288,0.815393107888864,0.6306745934309651,0.03927003106634941,0.5521345312982663,0.7092146555636639,0.604363672616511,0.6569855142454192,0.6853452785152484,0.044178784949643085,0.5969877086159623,0.7737028484145345,0.6557454925989875,0.7149450644315093,0.19351332282682332,0.051005312934444574,0.09150269695793417,0.29552394869571247,0.15933976316074544,0.2276868824929012,5.560204063533432,0.38184968246925677,4.796504698594919,6.3239034284719455,5.30436477627903,5.816043350787835,0,Healthy,11.579309401710596
0.5396849968216628,0.029759909922897933,0.48016517697586697,0.5992048166674587,0.5197458571733212,0.5596241364700044,0.4013462836992448,0.023807927938318346,0.3537304278226081,0.4489621395758815,0.3853949719805715,0.4172975954179181,0.45843013447412884,0.02678391893060814,0.40486229661291256,0.5119979723353452,0.4404849087906214,0.47637536015763626,-0.12343772949306492,0.03554709158757928,-0.19453191266822348,-0.05234354631790636,-0.14725428085674303,-0.0996211781293868,2.676985004103839,0.1814047095321688,2.314175585039502,3.0397944231681766,2.555443848717286,2.7985261594903923,1,Water Stress,6.571843772879824
0.4535129990040384,0.022236519310393124,0.4090399603832522,0.49798603762482463,0.438614531066075,0.4684114669420018,0.32690282170070706,0.0177892154483145,0.29132439080407807,0.36248125259733605,0.31498404735033636,0.33882159605107776,0.426293517948877,0.020012867379353812,0.38626778319016936,0.4663192527075846,0.4128848968047099,0.43970213909304406,0.08428035290621423,0.05947547746402068,-0.03467060202182713,0.20323130783425558,0.04443178300532037,0.12412892280710809,1.3426960831582484,0.33167343078899725,0.6793492215802539,2.006042944736243,1.1204748845296202,1.5649172817868766,2,Nitrogen Deficiency,5.496789203835431
0.3511044234247205,0.06444267910404541,0.22221906521662965,0.4799897816328113,0.30792782842501004,0.3942810184244309,0.3037842555438751,0.051554143283236334,0.20067596897740245,0.40689254211034775,0.26924297954410675,0.3383255315436435,0.3322702018834052,0.057998411193640874,0.21627337949612346,0.448267024270687,0.2934112663836658,0.3711291373831446,0.2630922856909668,0.0343386291417709,0.194415027407425,0.33176954397450864,0.24008540416598032,0.2860991672159533,3.4137146876952342,0.13476071785753893,3.1441932519801563,3.683236123410312,3.323425006730683,3.5040043686597855,3,Disease,5.657758564688984
0.23219366282896042,0.041888185350141924,0.14841729212867658,0.31597003352924424,0.20412857864436534,0.2602587470135555,0.16685316243473458,0.03351054828011354,0.0998320658745075,0.23387425899496167,0.1444010950870585,0.18930522978241066,0.19848529586766922,0.037699366815127734,0.12308656223741375,0.2738840294979247,0.17322672010153364,0.2237438716338048,-0.3345509875736754,0.04550229885420852,-0.4255555852820925,-0.24354638986525837,-0.36503752780599513,-0.3040644473413557,0.25084668022881895,0.36616382277289805,0.0,0.983174325774615,0.005516918970977253,0.4961764414866606,4,Severe Stress,2.0388728353562886
0.6739188491876603,0.03481386789093172,0.6042911134057969,0.7435465849695237,0.650593557700736,0.6972441406745846,0.5452627991070779,0.027851094312745378,0.4895606104815871,0.6009649877325687,0.5266025659175385,0.5639230322966172,0.6227849950661679,0.031332481101838554,0.5601200328624908,0.685449957269845,0.601792232727936,0.6437777574043998,0.31397343616689855,0.04090931317527976,0.23215480981633901,0.3957920625174581,0.2865641963394611,0.34138267599433597,6.282355145850692,0.2282623055075649,5.825830534835562,6.738879756865822,6.129419401160624,6.43529089054076,0,Healthy,8.10167650697638
0.46618371404899567,0.04722699421778279,0.3717297256134301,0.5606377024845612,0.4345416279230812,0.4978258001749101,0.3543825693468292,0.037781595374226234,0.27881937859837674,0.4299457600952817,0.32906890044609766,0.37969623824756077,0.4200795841139783,0.04250429479600452,0.33507099452196926,0.5050881737059874,0.39160170660065524,0.4485574616273013,-0.39057124429397977,0.029971689165954996,-0.45051462262588976,-0.3306278659620698,-0.4106522760351696,-0.3704902125527899,3.772820822527561,0.22311487691068893,3.326591068706183,4.2190505763489385,3.6233338549973992,3.922307790057723,1,Water Stress,6.388877846357621
0.43431972482374337,0.044243611386932516,0.34583250204987837,0.5228069475976084,0.4046765051944986,0.46396294445298814,0.31357790858439516,0.03539488910954602,0.2427881303653031,0.3843676868034872,0.2898633328809993,0.337292484287791,0.4166696114819234,0.03981925024823926,0.33703111098544486,0.4963081119784019,0.3899907138156031,0.4433485091482437,0.023093972948637898,0.04533615026041694,-0.06757832757219598,0.11376627346947177,-0.0072812477258414506,0.05346919362311725,1.089751452913768,0.3614381770563153,0.36687509880113733,1.8126278070263986,0.8475878742860367,1.3319150315414992,2,Nitrogen Deficiency,7.009180192247786
0.38731401177720715,0.07908020849831182,0.2291535947805835,0.5454744287738308,0.3343302720833382,0.4402977514710761,0.340595224938172,0.06326416679864946,0.2140668913408731,0.46712355853547094,0.2982082331830769,0.38298221669326715,0.372348088594896,0.07117218764848064,0.2300037132979347,0.5146924638918573,0.324662722870414,0.420033454319378,0.27851179969799555,0.02440207698110707,0.22970764573578142,0.3273159536602097,0.26216240812065383,0.2948611912753373,3.078684483831301,0.16838054876258252,2.7419233863061363,3.415445581356466,2.965869516160371,3.1914994515022315,3,Disease,4.567769471565641
0.2672426578660487,0.02666323431412191,0.21391618923780492,0.32056912649429253,0.24937829087558705,0.2851070248565104,0.21486885655059557,0.02133058745129753,0.17220768164800052,0.25753003145319064,0.20057736295822623,0.2291603501429649,0.2355630522683706,0.02399691088270972,0.18756923050295116,0.28355687403379004,0.21948512197695508,0.2516409825597861,-0.06963470837182828,0.024794614693347313,-0.11922393775852291,-0.020045478985133654,-0.08624710021637098,-0.053022316527285576,0.20556170442495258,0.20128455142108842,0.0,0.6081308072671294,0.07070105497282334,0.34042235387708186,4,Severe Stress,3.0744013486075423
0.7146405864041511,0.048873418848263336,0.6168937487076244,0.8123874241006778,0.6818953957758146,0.7473857770324875,0.5580754293612502,0.03909873507861067,0.47987795920402887,0.6362728995184715,0.531879276858581,0.5842715818639194,0.6714834527269936,0.043986076963437,0.5835112988001196,0.7594556066538676,0.6420127811614909,0.7009541242924964,0.2556371865230098,0.030071291833014567,0.19549460285698067,0.31577977018903897,0.23548942099489006,0.2757849520511296,6.109056876685534,0.24917455176771566,5.610707773150103,6.607405980220965,5.942109927001164,6.276003826369903,0,Healthy,9.203513239267078
0.4927260741566201,0.028359393927098346,0.4360072863024234,0.5494448620108168,0.47372528022546423,0.511726868087776,0.39444876164818227,0.022687515141678678,0.3490737313648249,0.43982379193153964,0.37924812650325757,0.40964939679310697,0.4165421918159575,0.025523454534388514,0.36549528274718046,0.4675891008847345,0.3994414772779172,0.43364290635399777,-0.3889339157936402,0.05633063543866615,-0.5015951866709725,-0.2762726449163079,-0.4266754415375465,-0.35119239004973385,3.7191286679597937,0.17186856720009175,3.3753915335596103,4.062865802359977,3.6039767279357324,3.834280607983855,1,Water Stress,4.862237180228058
0.47341791404163447,0.02712912631977199,0.4191596614020905,0.5276761666811784,0.4552413994073872,0.4915944286758817,0.3959478859738954,0.021703301055817595,0.35254128386226025,0.43935448808553057,0.3814066742664976,0.4104890976812932,0.4417732995571941,0.024416213687794792,0.3929408721816045,0.49060572693278365,0.42541443638637155,0.4581321627280166,0.2956951362331802,0.04912865394447438,0.19743782834423146,0.393952444122129,0.2627789380903824,0.32861133437597806,1.0420552715115003,0.210334939815776,0.6213853918799483,1.4627251511430523,0.9011308618349304,1.1829796811880704,2,Nitrogen Deficiency,6.580764576483949
0.476705942152179,0.07119111062399125,0.3343237209041965,0.6190881634001615,0.42900789803410483,0.5244039862702531,0.41489500328066703,0.056952888499193,0.30098922628228103,0.5288007802790531,0.3767365679862077,0.45305343857512637,0.41828215183526524,0.06407199956159212,0.290138152712081,0.5464261509584495,0.3753539121289985,0.461210391541532,0.20715493681495167,0.021631005662190558,0.16389292549057055,0.2504169481393328,0.192662163021284,0.22164771060861935,2.1805795401088166,0.2772678829564726,1.6260437741958715,2.7351153060217617,1.99481005852798,2.366349021689653,3,Disease,5.193910904605707
0.1229858092070141,0.04072813214307398,0.041529544920866135,0.20444207349316207,0.09569796067115453,0.15027365774287368,0.11290592640655628,0.03258250571445919,0.0477409149776379,0.17807093783547467,0.09107564757786862,0.13473620523524393,0.09114921402661219,0.036655318928766584,0.017838576169079023,0.16445985188414536,0.06659015034433857,0.11570827770888581,-0.2439534708503595,0.03546941385202149,-0.3148922985544025,-0.17301464314631654,-0.2677179781312139,-0.2201889635695051,0.3811966201583504,0.38101899662102046,0.0,1.1432346134003912,0.12591389242226664,0.6364793478944342,4,Severe Stress,1.3025460771211852
0.7182132702100517,0.03979952138102537,0.6386142274480009,0.7978123129721024,0.6915475908847647,0.7448789495353386,0.6123045515061395,0.0318396171048203,0.5486253172964989,0.6759837857157801,0.5909720080459099,0.6336370949663691,0.6318684408519558,0.03581956924292283,0.5602293023661101,0.7035075793378015,0.6078693294591975,0.6558675522447142,0.13404205637217673,0.052688888008048634,0.028664280356079458,0.239419832388274,0.09874050140678414,0.1693436113375693,6.774080854835688,0.26656024347983875,6.240960367876011,7.307201341795365,6.5954854917041965,6.95267621796718,0,Healthy,10.118602313424025
0.48627784363506776,0.03017089373146102,0.4259360561721457,0.5466196310979898,0.4660633448349889,0.5064923424351466,0.4290640806243873,0.024136714985168818,0.38079065065404966,0.4773375105947249,0.4128924815843242,0.4452356796644504,0.44563614670795704,0.02715380435831492,0.3913285379913272,0.49994375542458686,0.42744309778788603,0.46382919562802805,-0.3720691696582302,0.03396838298450643,-0.4400059356272431,-0.30413240368921735,-0.39482798625784954,-0.3493103530586109,4.294431515906654,0.31778670366107187,3.6588581085845098,4.930004923228798,4.081514424453736,4.507348607359572,1,Water Stress,6.742775649881443
0.5330629636397677,0.04695662565581238,0.4391497123281429,0.6269762149513924,0.5016020244503734,0.564523902829162,0.384864367411319,0.0375653005246499,0.3097337663620192,0.4599949684606188,0.3596956160598036,0.41003311876283444,0.4594543901214677,0.04226096309023114,0.37493246394100543,0.54397631630193,0.43113954485101286,0.4877692353919226,0.23396266375728714,0.044257162386383594,0.14544833898451995,0.32247698853005435,0.20431036495841012,0.2636149625561641,1.442031646154288,0.1027591154849889,1.23651341518431,1.6475498771242658,1.3731830387793453,1.5108802535292305,2,Nitrogen Deficiency,5.25367885716508
0.4827003538216112,0.09911767557015602,0.28446500268129915,0.6809357049619232,0.41629151118960667,0.5491091964536158,0.3910336619939476,0.07929414045612482,0.232445381081698,0.5496219429061973,0.337906587888344,0.44416073609955126,0.44594403030101165,0.08920590801314042,0.26753221427473084,0.6243558463272925,0.38617607193220754,0.5057119886698157,0.10101231676924374,0.02897077237842239,0.043070772012398964,0.15895386152608854,0.08160189927570075,0.12042273426278674,2.321616102834997,0.3136537664042608,1.6943085700264755,2.948923635643519,2.1114680793441423,2.531764126325852,3,Disease,4.093122718742
0.17857194566866819,0.03704925810006415,0.10447342946853988,0.2526704618687965,0.1537489427416252,0.20339494859571117,0.17777989758435236,0.029639406480051325,0.11850108462424971,0.23705871054445501,0.15792149524271798,0.19763829992598675,0.17017152463982196,0.03334433229005774,0.10348286005970649,0.23686018921993746,0.14783082200548328,0.19251222727416065,-0.12675429744098793,0.023746990713123698,-0.17424827886723532,-0.07926031601474054,-0.14266478121878082,-0.11084381366319505,0.7197063192377717,0.2103147409178301,0.29907683740211155,1.140335801073432,0.5787954428228256,0.8606171956527179,4,Severe Stress,1.583445208899796
0.6987979286758167,0.04384433910624945,0.6111092504633178,0.7864866068883156,0.6694222214746296,0.7281736358770038,0.5982429984583647,0.03507547128499956,0.5280920558883656,0.6683939410283638,0.574742432697415,0.6217435642193144,0.6367864533680708,0.039459905195624506,0.5578666429768218,0.7157062637593199,0.6103483168870024,0.6632245898491392,0.39190316642573375,0.04010548372420768,0.31169219897731837,0.47211413387414913,0.3650324923305146,0.4187738405209529,5.179293174000281,0.27307116538790777,4.633150843224466,5.7254355047760965,4.996335493190383,5.3622508548101795,0,Healthy,9.970070775275456
0.47928644816970667,0.02531332038221147,0.42865980740528375,0.5299130889341296,0.46232652351362497,0.4962463728257884,0.33586075517891073,0.02025065630576918,0.29535944256737234,0.3763620677904491,0.32229281545404537,0.3494286949037761,0.44008614110716604,0.022781988343990325,0.3945221644191854,0.48565011779514666,0.42482220891669253,0.45535007329763955,-0.1832643654215484,0.05761834337411656,-0.2985010521697815,-0.06802767867331527,-0.2218686554822065,-0.1446600753608903,3.0615447248817116,0.3861785731007763,2.289187578680159,3.833901871083264,2.8028050809041916,3.3202843688592316,1,Water Stress,6.787160975551121
0.4555238050383167,0.04890859931267759,0.3577066064129615,0.5533410036636719,0.4227550434988227,0.48829256657781067,0.35723745886238484,0.03912687945014207,0.2789836999621007,0.43549121776266897,0.33102244963078964,0.38345246809398004,0.4379707136771052,0.044017739381409834,0.3499352349142856,0.5260061924399249,0.4084788282915606,0.4674625990626498,0.004636984958660229,0.05412037821869439,-0.10360377147872855,0.11287774139604902,-0.031623668447865017,0.04089763836518548,1.7283185625877255,0.18833466762087572,1.3516492273459741,2.104987897829477,1.6021343352817388,1.8545027898937123,2,Nitrogen Deficiency,5.962744321504813
0.5202273343033714,0.10176178780049838,0.31670375870237466,0.7237509099043682,0.45204693647703753,0.5884077321297053,0.42186199368853217,0.0814094302403987,0.25904313320773475,0.5846808541693296,0.367317675427465,0.4764063119495993,0.4943738873226811,0.09158560902044854,0.31120266928178403,0.6775451053635781,0.43301152927898057,0.5557362453663817,0.16338440103125554,0.0428024468035746,0.07777950742410634,0.24898929463840475,0.13470676167286055,0.19206204038965052,2.338985493372185,0.12915294813123057,2.080679597109724,2.597291389634646,2.2524530181242604,2.4255179686201096,3,Disease,5.037518066747925
0.2982096930187674,0.04091047222985804,0.2163887485590513,0.3800306374784834,0.2707996766247625,0.32561970941277224,0.27630506160780943,0.03272837778388643,0.21084830604003657,0.3417618171755823,0.2543770484926055,0.29823307472301336,0.28283484078214294,0.036819425006872235,0.20919599076839845,0.3564736907958874,0.2581658260275385,0.30750385553674736,-0.429957992381738,0.048099363359484365,-0.5261567191007067,-0.33375926566276926,-0.4621845658325925,-0.3977314189308835,0.6146637218909894,0.20784734536592658,0.19896903115913622,1.0303584126228427,0.4754060004958186,0.7539214432861602,4,Severe Stress,1.6459020573818854
0.8118722310957027,0.03504548884061599,0.7417812534144708,0.8819632087769347,0.78839175357249,0.8353527086189154,0.6908218401322093,0.028036391072492797,0.6347490579872237,0.7468946222771948,0.6720374581136391,0.7096062221507794,0.7313655519177887,0.031540939956554395,0.66828367200468,0.7944474318308975,0.7102331221468973,0.7524979816886802,0.34303401840375425,0.051931807158671,0.23917040408641224,0.4468976327210963,0.3082397076074447,0.3778283292000638,6.601216955740311,0.29498917923332957,6.0112385972736515,7.19119531420697,6.40357420565398,6.798859705826642,0,Healthy,10.807867509030814
0.5693689004154151,0.037348404229885224,0.49467209195564465,0.6440657088751855,0.544345469581392,0.5943923312494382,0.4430534155963265,0.02987872338390818,0.38329596882851014,0.5028108623641429,0.423034670929108,0.463072160263545,0.4880709267643258,0.0336135638068967,0.4208437991505324,0.5552980543781192,0.465549839013705,0.5105920145149466,-0.13299839745473008,0.021437690951869683,-0.17587377935846943,-0.09012301555099071,-0.14736165039248278,-0.11863514451697739,3.1759903137030716,0.23967940543973806,2.6966315028235956,3.6553491245825476,3.0154051120584473,3.336575515347696,1,Water Stress,5.856611586768942
0.44298118781924267,0.030805719242337888,0.3813697493345669,0.5045926263039184,0.42234135592687627,0.4636210197116091,0.30811976913031563,0.024644575393870313,0.25883061834257504,0.35740891991805623,0.2916079036164225,0.32463163464420874,0.4180391026768979,0.0277251473181041,0.3625888080406897,0.47348939731310613,0.3994632539737682,0.43661495138002765,0.17724997817070323,0.02508242050607539,0.12708513715855246,0.227414819182854,0.16044475643163272,0.19405519990977374,0.8305002499390495,0.25667297801644134,0.3171542939061668,1.343846205971932,0.6585293546680338,1.0024711452100652,2,Nitrogen Deficiency,6.9249838827465275
0.39316420549936865,0.0924381072966064,0.20828799090615585,0.5780404200925815,0.33123067361064235,0.45509773738809495,0.2696995365163557,0.07395048583728513,0.12179856484178544,0.417600508190926,0.22015271100537465,0.31924636202733675,0.3557290628435207,0.08319429656694576,0.18934046970962917,0.5221176559774122,0.29998888414366703,0.41146924154337433,0.22457809516380006,0.04549719605992826,0.13358370304394354,0.3155724872836566,0.19409497380364812,0.255061216523952,2.170694929987536,0.3178274001167985,1.535040129753939,2.806349730221133,1.957750571909281,2.383639288065791,3,Disease,5.939630198656337
0.21293406269421516,0.02235369144026798,0.1682266798136792,0.2576414455747511,0.19795708942923562,0.2279110359591947,0.14743047528157954,0.017882953152214384,0.11166456897715077,0.18319638158600832,0.13544889666959592,0.15941205389356317,0.18797894166713183,0.020118322296241182,0.14774229707464948,0.2282155862596142,0.17449966572865025,0.20145821760561342,-0.338521763529377,0.0210140297366183,-0.38054982300261364,-0.2964937040561404,-0.35260116345291126,-0.3244423636058428,0.8361489558149631,0.3887945244033776,0.0585599070082079,1.6137380046217182,0.5756566244647001,1.096641287165226,4,Severe Stress,2.839156265126853
0.7891948412187396,0.036476799941183614,0.7162412413363723,0.8621484411011069,0.7647553852581466,0.8136342971793327,0.5969995772421004,0.02918143995294689,0.5386366973362067,0.6553624571479941,0.577448012473626,0.6165511420105748,0.6952899309867413,0.032829119947065256,0.6296316910926107,0.7609481708808719,0.6732944206222076,0.717285441351275,0.222685883324281,0.04858383690800249,0.12551820950827602,0.31985355714028596,0.19013471259591933,0.2552370540526427,4.519882960212537,0.2980592130153194,3.923764534181898,5.116001386243176,4.320183287492273,4.719582632932801,0,Healthy,9.119735587783772
0.5932297920994791,0.027431929685034724,0.5383659327294097,0.6480936514695486,0.5748503992105058,0.6116091849884524,0.48575590830301857,0.02194554374802778,0.441864820806963,0.5296469957990741,0.47105239399183996,0.5004594226141972,0.5290828166351986,0.024688736716531254,0.4797053432021361,0.5784602900682612,0.5125413630351227,0.5456242702352746,-0.17863092499126942,0.03423890714605046,-0.24710873928337035,-0.1101531106991685,-0.20157099277912324,-0.1556908572034156,3.608708105022801,0.32735383313931077,2.9540004387441794,4.263415771301423,3.389381036819463,3.8280351732261395,1,Water Stress,4.5359837215743894
0.4174108960760375,0.03422521487261976,0.34896046633079797,0.485861325821277,0.39448000211138223,0.44034179004069274,0.36947477526193073,0.027380171898095808,0.31471443146573913,0.42423511905812233,0.35113006009020653,0.38781949043365493,0.38788927803123513,0.030802693385357783,0.32628389126051954,0.4494946648019507,0.36725147346304543,0.40852708259942483,0.013800792606525824,0.02391336642604006,-0.0340259402455543,0.06162752545860594,-0.002221162898921018,0.029822748111972663,0.8407288023189702,0.24748476253504972,0.34575927724887073,1.3356983273890697,0.6749140114204868,1.0065435932174536,2,Nitrogen Deficiency,6.183679426951414
0.384640373982003,0.06271824058632267,0.2592038928093577,0.5100768551546484,0.3426191527891668,0.4266615951748392,0.3192973089908241,0.05017459246905814,0.2189481240527078,0.4196464939289404,0.28568033203655513,0.35291428594509305,0.35428195563586135,0.0564464165276904,0.24138912258048056,0.4671747886912421,0.31646285656230877,0.3921010547094139,0.18677032984759462,0.03498450458505885,0.11680132067747692,0.2567393390177123,0.16333071177560518,0.21020994791958406,2.797009468794747,0.28775797471427095,2.2214935193662053,3.372525418223289,2.6042116257361854,2.989807311853309,3,Disease,4.757840646450219
0.274168171413898,0.020795339316248655,0.23257749278140066,0.3157588500463953,0.2602352940720114,0.2881010487557846,0.17639141187116136,0.016636271452998924,0.14311886896516351,0.2096639547771592,0.16524510999765207,0.18753771374467065,0.25529651096488715,0.01871580538462379,0.21786490019563956,0.2927281217341347,0.2427569213571892,0.2678361005725851,-0.1706531841905275,0.04343102325093853,-0.25751523069240456,-0.08379113768865043,-0.1997519697686563,-0.14155439861239869,0.3303475416651438,0.38206907242748733,0.0,1.0944856865201185,0.07436126313872726,0.5863338201915603,4,Severe Stress,2.2660431913269337
0.7276339852413044,0.03158307913402323,0.6644678269732579,0.7908001435093509,0.7064733222215088,0.7487946482611,0.5866688671246371,0.025266463307218587,0.5361359405101999,0.6372017937390743,0.5697403367088006,0.6035973975404735,0.6813584752437656,0.02842477122062091,0.6245089328025237,0.7382080176850074,0.6623138785259496,0.7004030719615816,0.292986465532706,0.05844762255295656,0.1760912204267929,0.4098817106386191,0.2538265584222251,0.3321463726431869,5.37475867147455,0.3716051925868191,4.631548286300911,6.117969056648188,5.125783192441381,5.623734150507718,0,Healthy,8.783164539157186
0.46040419513127484,0.02213565945380687,0.41613287622366113,0.5046755140388886,0.4455733032972242,0.47523508696532546,0.3277676521806127,0.017708527563045497,0.2923505970545217,0.3631847073067037,0.3159029387133722,0.3396323656478532,0.42534418202312874,0.01992209350842618,0.38549999500627635,0.4651883690399811,0.4119963793724832,0.4386919846737743,-0.36976659958677205,0.03275902521175045,-0.43528465001027294,-0.30424854916327115,-0.39171514647864486,-0.34781805269489924,2.5364436513030997,0.3534625932908364,1.8295184647214269,3.2433688378847725,2.299623713798239,2.77326358880796,1,Water Stress,4.558179839339565
0.5221702723883404,0.046324160405811596,0.42952195157671713,0.6148185931999636,0.4911330849164466,0.5532074598602341,0.4374099344470873,0.037059328324649275,0.36329127779778875,0.5115285910963858,0.4125801844695723,0.46223968442460234,0.47768981595629934,0.04169174436523044,0.39430632722583847,0.5610733046867602,0.44975634723159497,0.5056232846810037,0.08455643243201998,0.049402841752155424,-0.014249251072290872,0.18336211593633084,0.05145652845807584,0.11765633640596411,0.9181648276216563,0.34104427911545465,0.236076269390747,1.6002533858525656,0.6896651606143016,1.146664494629011,2,Nitrogen Deficiency,5.705086431428266
0.3854879087559446,0.08232108514756699,0.2208457384608106,0.5501300790510786,0.3303327817070747,0.44064303580481445,0.357440841204823,0.0658568681180536,0.2257271049687158,0.48915457744093016,0.3133167395657271,0.4015649428439189,0.34169617849503575,0.07408897663281029,0.19351822522941517,0.4898741317606563,0.29205656415105286,0.39133579283901865,0.25012295032817167,0.05105651842967987,0.14800991346881193,0.3522359871875314,0.21591508298028617,0.28433081767605717,3.6136694785345282,0.20224106207590536,3.2091873543827174,4.018151602686339,3.478167966943672,3.7491709901253847,3,Disease,5.826893314008911
0.2745142953317421,0.047076587200387,0.1803611209309681,0.3686674697325161,0.2429729819074828,0.3060556087560014,0.24506572367386192,0.037661269760309604,0.16974318415324272,0.3203882631944811,0.2198326729344545,0.2702987744132694,0.22325029792872386,0.0423689284803483,0.13851244096802726,0.30798815488942044,0.1948631158468905,0.25163748001055725,-0.2855029863124908,0.040210094897914286,-0.36592317610831937,-0.20508279651666225,-0.3124437498940934,-0.25856222273088825,0.800696854233198,0.3479372398323225,0.10482237456855303,1.496571333897843,0.567578903545542,1.0338148049208542,4,Severe Stress,1.704109122267346
0.8291046456992401,0.029579409127712446,0.7699458274438152,0.888263463954665,0.8092864415836728,0.8489228498148075,0.7038219142013185,0.02366352730216996,0.6564948595969785,0.7511489688056584,0.6879673509088646,0.7196764774937723,0.7216713817364842,0.026621468214941203,0.6684284453066017,0.7749143181663666,0.7038349980324735,0.7395077654404948,0.21676050362024896,0.05800247868203219,0.10075554625618457,0.33276546098431337,0.1778988429032874,0.2556221643372105,4.032512954440895,0.38518214408126683,3.262148666278361,4.8028772426034285,3.774440917906446,4.2905849909753435,0,Healthy,10.293751552493145
0.5447755818254699,0.0425712358831304,0.45963311005920915,0.6299180535917307,0.5162528537837725,0.5732983098671673,0.41868691999736757,0.034056988706504324,0.3505729425843589,0.48680089741037624,0.39586873756400964,0.4415051024307255,0.5006491310075453,0.03831411229481736,0.42402090641791057,0.57727735559718,0.4749786757700176,0.5263195862450729,-0.2654663434065041,0.05166316174903393,-0.36879266690457196,-0.16214001990843624,-0.30008066177835685,-0.23085202503465135,3.086421543396129,0.3368854428383662,2.4126506577193965,3.7601924290728617,2.8607082966944235,3.3121347900978346,1,Water Stress,4.728015257621726
0.47416304570538725,0.030527450376562362,0.41310814495226256,0.535217946458512,0.4537096539530905,0.494616437457684,0.3734834867016475,0.024421960301249893,0.3246395660991477,0.4223274073041473,0.35712077329981007,0.3898462001034849,0.45000899210034656,0.027474705338906127,0.3950595814225343,0.5049584027781588,0.43160093952327944,0.4684170446774137,0.017267628004993284,0.024682680657104234,-0.032097733309215185,0.06663298931920175,0.0007302319647334472,0.033805024045253124,1.3495288823237357,0.14289750461585077,1.0637338730920343,1.6353238915554371,1.2537875542311157,1.4452702104163557,2,Nitrogen Deficiency,6.90377657929368
0.4736436126632522,0.10931160355742137,0.2550204055484095,0.692266819778095,0.4004048382797799,0.5468823870467245,0.3990118032765138,0.0874492828459371,0.2241132375846396,0.573910368968388,0.34042078376973595,0.4576028227832917,0.40064503177877864,0.09838044320167923,0.20388414537542018,0.5974059181821371,0.33473013483365355,0.4665599287239037,0.12022453522455806,0.048249689086259845,0.02372515705203837,0.21672391339707775,0.08789724353676395,0.15255182691235217,2.168213612229995,0.12440463419256995,1.919404343844855,2.417022880615135,2.084862507320973,2.2515647171390167,3,Disease,3.71209428521298
0.2975951241302116,0.04958003191468613,0.19843506030083935,0.39675518795958387,0.2643765027473719,0.3308137455130513,0.2693560560299195,0.03966402553174891,0.1900280049664217,0.34868410709341735,0.24278115892364777,0.2959309531361913,0.29467052636022195,0.044622028723217515,0.2054264689137869,0.383914583806657,0.2647737671156662,0.3245672856047777,-0.31286460212193984,0.05013512741035766,-0.41313485694265517,-0.2125943473012245,-0.34645513748687945,-0.27927406675700023,0.49651371765351276,0.21287787565927474,0.07075796633496328,0.9222694689720623,0.3538855409617987,0.6391418943452268,4,Severe Stress,1.1837015767370713
0.8054293831854873,0.034778753128725776,0.7358718769280357,0.8749868894429389,0.7821276185892411,0.8287311477817335,0.6849789450578635,0.027823002502980622,0.6293329400519022,0.7406249500638248,0.6663375333808664,0.7036203567348606,0.7015582938053077,0.0313008778158532,0.6389565381736012,0.7641600494370141,0.680586705668686,0.7225298819419294,0.2675212749207415,0.02045414579069676,0.22661298333934798,0.30842956650213504,0.2538169972409747,0.28122555260050836,5.272666027740929,0.24059819259823792,4.7914696425444525,5.753862412937405,5.111465238700109,5.433866816781748,0,Healthy,8.225213102727349
0.46782268744021077,0.048865176454236256,0.3700923345317383,0.5655530403486833,0.4350830192158725,0.5005623556645491,0.398862637878711,0.03909214116338901,0.320678355551933,0.477046920205489,0.37267090329924035,0.4250543724581817,0.4260425446020193,0.04397865880881263,0.338085226984394,0.5139998622196446,0.3965768432001148,0.45550824600392376,-0.36474212596686856,0.03499482318094816,-0.43473177232876486,-0.29475247960497225,-0.38818865749810383,-0.3412955944356333,3.798420604232127,0.18571362588455825,3.4269933524630107,4.169847856001244,3.6739924748894732,3.922848733574781,1,Water Stress,6.67149782047365
0.4335393757779179,0.04673429341094214,0.3400707889560336,0.5270079625998022,0.40222739919258665,0.46485135236324915,0.3938193832930983,0.037387434728753714,0.31904451383559085,0.46859425275060573,0.3687698020248333,0.4188689645613633,0.3627750329171607,0.04206086406984792,0.27865330477746486,0.4468967610568565,0.3345942539903626,0.3909558118439588,0.2889667618321834,0.04110804436345199,0.20675067310527942,0.3711828505590874,0.26142437210867053,0.31650915155569626,0.8121544746898164,0.3978894388357902,0.016375597018235988,1.6079333523613968,0.5455685506698369,1.0787403987097959,2,Nitrogen Deficiency,5.184491411838497
0.4607708568802642,0.0872724638860664,0.2862259291081314,0.635315784652397,0.4022983060765997,0.5192434076839287,0.38155654931773764,0.06981797110885311,0.2419206071000314,0.5211924915354439,0.3347785086748061,0.4283345899606692,0.4264386925313148,0.07854521749745975,0.26934825753639524,0.5835291275262343,0.37381339680801673,0.4790639882546128,0.2938605071238198,0.045102323203362535,0.2036558607170947,0.3840651535305448,0.2636419505775669,0.32407906367007266,3.0461956883402976,0.27529429357693014,2.4956071011864376,3.5967842754941577,2.8617485116437544,3.230642865036841,3,Disease,5.752895026227472
0.12818034846146242,0.0386039779340461,0.05097239259337022,0.20538830432955463,0.10231568324565153,0.1540450136772733,0.14157065715826156,0.030883182347236884,0.07980429246378778,0.20333702185273533,0.12087892498561284,0.16226238933091028,0.11270171878245897,0.034743580140641495,0.043214558501175976,0.18218887906374195,0.08942352008822917,0.13597991747668878,-0.35951840520388484,0.031095247319245307,-0.4217088998423755,-0.2973279105653942,-0.3803522209077792,-0.3386845894999905,0.9603291872612469,0.1564363479171284,0.6474564914269901,1.2732018830955036,0.8555168341567709,1.065141540365723,4,Severe Stress,2.020136490867961
0.7206704456052105,0.04094485142059236,0.6387807427640259,0.8025601484463952,0.6932373951534136,0.7481034960570074,0.6239758372507851,0.03275588113647389,0.5584640749778373,0.6894875995237328,0.6020293968893475,0.6459222776122227,0.6777760457134656,0.03685036627853312,0.6040753131563994,0.7514767782705318,0.6530863003068484,0.7024657911200828,0.27509683355526166,0.04144385465376481,0.19220912424773204,0.35798454286279124,0.24732945093723924,0.3028642161732841,4.233203910894955,0.19285828488589835,3.847487341123158,4.618920480666751,4.103988860021403,4.3624189617685065,0,Healthy,11.255180078827795
0.5527096758830818,0.0417715852516508,0.4691665053797802,0.6362528463863835,0.5247227137644758,0.5806966380016879,0.47442146499878235,0.03341726820132064,0.4075869285961411,0.5412560014014236,0.45203189530389754,0.49681103469366716,0.5244267030922891,0.03759442672648572,0.4492378496393177,0.5996155565452606,0.49923843718554367,0.5496149689990345,-0.3512149181965326,0.04453660783743159,-0.44028813387139576,-0.26214170252166946,-0.3810544454476118,-0.3213753909454534,4.321854368987685,0.22547291088718568,3.870908547213314,4.772800190762056,4.17078751869327,4.4729212192820995,1,Water Stress,6.831821208385033
0.5299095834250613,0.04961828387944833,0.43067301566616467,0.629146151183958,0.49666533322583095,0.5631538336242917,0.41157400342785405,0.03969462710355867,0.3321847492207367,0.4909632576349714,0.3849786032684697,0.4381694035872384,0.4955518249294652,0.0446564554915035,0.40623891394645817,0.5848647359124722,0.46563199975015784,0.5254716501087725,0.013565601031856821,0.026016675644141125,-0.03846775025642543,0.06559895232013907,-0.0038655716497177344,0.030996773713431375,0.826366974497252,0.2782392146056406,0.26988854528597084,1.3828454037085334,0.6399467007114729,1.0127872482830313,2,Nitrogen Deficiency,5.952227141577554
0.5439828795629207,0.07640442431584238,0.3911740309312359,0.6967917281946054,0.4927919152713063,0.5951738438545351,0.4320556196298336,0.0611235394526739,0.30980854072448577,0.5543026985351813,0.39110284819654206,0.4730083910631251,0.48447376174688855,0.06876398188425814,0.3469457979783723,0.6220017255154049,0.4384018938844356,0.5305456296093415,0.2684237846271417,0.022255019866037083,0.22391374489506755,0.3129338243592159,0.2535129213168969,0.28333464793738655,3.6766574094222757,0.359416712876516,2.9578239836692437,4.395490835175307,3.43584821179501,3.9174666070495414,3,Disease,5.532252522825194
0.2999491811915035,0.045489421720322346,0.2089703377508588,0.39092802463214815,0.26947126863888754,0.33042709374411944,0.26685808647125386,0.03639153737625788,0.1940750117187381,0.33964116122376964,0.24247575642916108,0.29124041651334664,0.29664020686529885,0.04094047954829011,0.21475924776871863,0.37852116596187907,0.26921008556794446,0.32407032816265324,-0.0016815814630473103,0.029893924069727906,-0.06146942960250312,0.0581062666764085,-0.02171051058976501,0.01834734766367039,0.644345364482102,0.2351632405930281,0.1740188832960458,1.1146718456681581,0.4867859932847732,0.8019047356794309,4,Severe Stress,1.284150713333289
0.8408102054517445,0.030744881540985217,0.779320442369774,0.9022999685337149,0.8202111348192843,0.8614092760842046,0.6898182328019813,0.024595905232788175,0.640626422336405,0.7390100432675576,0.6733389762960132,0.7062974893079493,0.7638168793340437,0.027670393386886694,0.7084760925602703,0.8191576661078172,0.7452777157648297,0.7823560429032578,0.28185239033526405,0.02454230368798516,0.23276778295929373,0.33093699771123436,0.265409046864314,0.2982957338062141,4.6859284165103885,0.30147195867783994,4.082984499154708,5.288872333866069,4.483942204196236,4.887914628824541,0,Healthy,10.081230803615174
0.5658477587603459,0.04629960807975035,0.47324854260084515,0.6584469749198466,0.5348270213469132,0.5968684961737786,0.45786889088572524,0.037039686463800285,0.38378951795812466,0.5319482638133258,0.43305230095497904,0.48268548081647145,0.5129192611764345,0.041669647271775315,0.4295799666328839,0.5962585557199851,0.48500059750434504,0.540837924848524,-0.243950949666402,0.03613931464849588,-0.31622957896339376,-0.17167232036941021,-0.26816429048089424,-0.21973760885190974,4.2043630006370805,0.14020456853519223,3.923953863566696,4.4847721377074645,4.1104259397185015,4.2983000615556595,1,Water Stress,4.571956690783347
0.5132705883510429,0.02043633997003646,0.47239790841096996,0.5541432682911158,0.49957824057111844,0.5269629361309673,0.3819128868317254,0.016349071976029167,0.3492147428796671,0.41461103078378375,0.37095900860778586,0.392866765055665,0.44012581805114476,0.018392705973032813,0.40334040610507915,0.47691122999721036,0.42780270504921275,0.45244893105307676,0.1860928654060394,0.034023502352263875,0.11804586070151164,0.25413987011056716,0.1632971188300226,0.2088886119820562,1.5040797680992237,0.27697530605639,0.9501291559864438,2.0580303802120037,1.3185063130414425,1.689653223157005,2,Nitrogen Deficiency,5.98061011274933
0.4374949844047458,0.08379256693927621,0.26990985052619343,0.6050801182832982,0.38135396455543075,0.4936360042540609,0.35139493643977776,0.06703405355142097,0.2173268293369358,0.4854630435426197,0.3064821205603257,0.3963077523192298,0.4107646667287398,0.07541331024534859,0.2599380462380426,0.561591287219437,0.3602377488643562,0.46129158459312336,0.2808317388987497,0.04488346800911494,0.1910648028805198,0.37059867491697956,0.2507598153326427,0.3109036624648567,2.696510934046601,0.3587091126240236,1.9790927087985537,3.413929159294648,2.456175828588505,2.936846039504697,3,Disease,5.8738015591441055
0.14647322656722683,0.049400977258564314,0.047671272050098204,0.24527518108435548,0.11337457180398874,0.17957188133046492,0.0930030200836773,0.03952078180685145,0.013961456469974404,0.1720445836973802,0.06652409627308684,0.11948194389426778,0.12937404928479984,0.044460879532707887,0.04045229021938407,0.21829580835021561,0.09958525999788556,0.15916283857171412,-0.0367061874192528,0.03970472375971478,-0.11611563493868236,0.04270326010017676,-0.06330835233826171,-0.010104022500243896,0.5936930344636306,0.1986254830862525,0.19644206829112565,0.9909440006361356,0.4606139607958415,0.7267721081314198,4,Severe Stress,2.3934818794967967
0.6980291237556386,0.024164815179482303,0.649699493396674,0.7463587541146033,0.6818386975853855,0.7142195499258918,0.5212278829002882,0.019331852143585845,0.4825641786131165,0.5598915871874599,0.5082755419640856,0.5341802238364908,0.6073403729908124,0.021748333661534072,0.5638437056677443,0.6508370403138806,0.5927689894375846,0.6219117565440403,0.12275899843259919,0.045634989792128586,0.031489018848342015,0.21402897801685636,0.09218355527187302,0.15333444159332535,4.386639165731948,0.15456402531974345,4.077511115092461,4.695767216371435,4.28308126876772,4.490197062696176,0,Healthy,9.382669133295453
0.5845182614859017,0.021226058487994366,0.542066144509913,0.6269703784618904,0.5702968022989454,0.598739720672858,0.43484659630888434,0.016980846790395493,0.40088490272809335,0.4688082898896753,0.4234694289593194,0.4462237636584493,0.5076037764658318,0.01910345263919493,0.4693968711874419,0.5458106817442216,0.49480446319757115,0.5204030897340923,-0.25781150792113827,0.02675740252288658,-0.31132631296691143,-0.2042967028753651,-0.27573896761147226,-0.23988404823080425,3.8351154770420544,0.1835771017095876,3.4679612736228793,4.20226968046123,3.7121188188966308,3.958112135187478,1,Water Stress,4.942526210691867
0.4133053800635584,0.03510251812564571,0.34310034381226695,0.4835104163148498,0.38978669291937573,0.43682406720774103,0.30127767589142596,0.028082014500516568,0.24511364689039283,0.3574417048924591,0.28246272617607987,0.32009262560677204,0.36383103372008707,0.03159226631308114,0.30064650109392477,0.4270155663462494,0.3426642152903227,0.38499785214985144,0.03619076133018024,0.04761579314517461,-0.059040824960168985,0.13142234762052946,0.004288179922913249,0.06809334273744723,1.2607787680327258,0.11179364195232969,1.0371914841280665,1.4843660519373851,1.1858770279246649,1.3356805081407868,2,Nitrogen Deficiency,6.998525997272607
0.4755800778981816,0.07661265888883222,0.3223547601205171,0.628805395675846,0.42424959644266397,0.5269105593536991,0.4225513023717266,0.061290127111065774,0.2999710481495951,0.5451315565938581,0.38148691720731254,0.4636156875361407,0.40168674769965523,0.068951392999949,0.26378396169975726,0.5395895336995532,0.3554893143896894,0.4478841810096211,0.11635180638977438,0.05224805119172245,0.011855704006329487,0.22084790877321928,0.08134561209132034,0.1513580006882284,3.7471572482135542,0.32447790711509755,3.098201433983359,4.396113062443749,3.529757050446439,3.9645574459806694,3,Disease,3.961302548390943
0.15768287820060783,0.03387604148399444,0.08993079523261896,0.2254349611685967,0.13498593040633156,0.1803798259948841,0.13797177971351587,0.027100833187195552,0.08377011333912476,0.19217344608790699,0.11981422147809485,0.1561293379489369,0.1340494087547334,0.030488437335594993,0.07307253408354342,0.19502628342592337,0.11362215573988475,0.15447666176958205,-0.314763948604309,0.04989883752535026,-0.41456162365500954,-0.21496627355360848,-0.3481961697462937,-0.2813317274623243,0.5876183881528171,0.11100496086717937,0.36560846641845834,0.8096283098871758,0.513245064371807,0.6619917119338272,4,Severe Stress,1.5553612775568457
0.7926699171769105,0.03342237100470364,0.7258251751675032,0.8595146591863178,0.7702769286037591,0.8150629057500619,0.63734728226806,0.026737896803762914,0.5838714886605342,0.6908230758755859,0.6194328914095388,0.6552616731265812,0.6898332461396061,0.030080133904233277,0.6296729783311396,0.7499935139480726,0.6696795564237698,0.7099869358554424,0.3685620513061598,0.04130469065820092,0.285952669989758,0.45117143262256165,0.3408879085651652,0.39623619404715443,5.5350323263469985,0.17274115109041893,5.18955002416616,5.880514628527837,5.419295755116417,5.65076889757758,0,Healthy,9.076972923797523
0.5065926244656934,0.023592863954577537,0.4594068965565383,0.5537783523748485,0.4907854056161265,0.5223998433152603,0.37641890027220926,0.01887429116366203,0.3386703179448852,0.4141674825995333,0.36377312519255567,0.38906467535186284,0.445583203149799,0.021233577559119785,0.4031160480315594,0.48805035826803855,0.43135670618518873,0.45980970011440925,-0.3939786406666821,0.0556210912295958,-0.5052208231258737,-0.2827364582074905,-0.4312447717905113,-0.3567125095428529,3.1441583311663566,0.27807773606621466,2.588002859033927,3.700313803298786,2.9578462480019927,3.3304704143307204,1,Water Stress,6.197755797861224
0.5183756857911008,0.0423631842255299,0.43364931734004103,0.6031020542421606,0.4899923523599958,0.5467590192222058,0.4184112028147355,0.03389054738042392,0.3506301080538876,0.48619229757558335,0.39570453606985145,0.4411178695596195,0.47174858429324346,0.03812686580297691,0.3954948526872896,0.5480023158991972,0.4462035842052489,0.497293584381238,0.14953265967871718,0.03726638184918717,0.07499989598034283,0.2240654233770915,0.12456418383976177,0.1745011355176726,0.8869202880874237,0.13827409083866915,0.6103721064100854,1.1634684697647621,0.7942766472255154,0.9795639289493321,2,Nitrogen Deficiency,5.709439764496811
0.422616459279727,0.09634648916141322,0.22992348095690057,0.6153094376025534,0.35806431154158014,0.4871686070178739,0.32370284001356625,0.07707719132913059,0.16954845735530508,0.4778572226718274,0.27206112182304876,0.37534455820408374,0.4095457282793331,0.0867118402452719,0.2361220477887893,0.5829694087698769,0.35144879531500095,0.46764266124366527,0.22918344826632023,0.02948907166943978,0.17020530492744068,0.2881615916051998,0.20942577024779557,0.24894112628484488,3.1415566093378238,0.13053474178612112,2.8804871257655815,3.402626092910066,3.054098332341123,3.2290148863345247,3,Disease,3.8821478479608302
0.16427239110921146,0.046902962738792756,0.07046646563162595,0.258078316586797,0.1328474060742203,0.19569737614420263,0.10992742975675389,0.03752237019103421,0.03488268937468547,0.1849721701388223,0.08478744172876096,0.13506741778474682,0.12824756771597562,0.04221266646491348,0.04382223478614866,0.21267290064580258,0.09996508118448358,0.15653005424746766,-0.41965931337022216,0.023209349826465688,-0.46607801302315355,-0.3732406137172908,-0.4352095777539542,-0.40410904898649014,0.3492536192410446,0.25735341687107643,0.0,0.8639604529831975,0.17682682993742338,0.5216804085446658,4,Severe Stress,1.9028730193772554
0.8464757233817213,0.0445121621284784,0.7574513991247644,0.9355000476386781,0.8166525747556408,0.8762988720078018,0.7241276220329139,0.03560972970278272,0.6529081626273485,0.7953470814384793,0.7002691031320495,0.7479861409337784,0.783758578597188,0.040060945915630565,0.7036366867659268,0.8638804704284492,0.7569177448337155,0.8105994123606605,0.1336116706504157,0.03031611308179759,0.07297944448682053,0.19424389681401089,0.11329987488561133,0.1539234664152201,5.193566797137224,0.15126627621701977,4.891034244703185,5.496099349571264,5.092218392071821,5.294915202202628,0,Healthy,10.674572879697724
0.5894063983691379,0.025611312456725703,0.5381837734556865,0.6406290232825893,0.5722468190231317,0.6065659777151441,0.44952302806133876,0.020489049965380562,0.40854492813057763,0.4905011279920999,0.4357953645845338,0.46325069153814374,0.5466353345237404,0.023050181211053133,0.5005349721016341,0.5927356969458466,0.5311917131123347,0.562078955935146,-0.23297113209582107,0.032947169456169746,-0.2988654710081606,-0.16707679318348156,-0.25504573563145483,-0.21089652856018734,3.6432253789397997,0.22763093158492506,3.1879635157699497,4.09848724210965,3.4907126547778997,3.7957381031016997,1,Water Stress,5.769025946711137
0.43636145986226205,0.02463088145822607,0.3870996969458099,0.48562322277871417,0.41985876928525057,0.4528641504392735,0.3279522232138352,0.019704705166580856,0.2885428128806735,0.3673616335469969,0.31475007075222605,0.3411543756754444,0.3975996071613926,0.022167793312403462,0.3532640205365857,0.4419351937861995,0.38274718564208227,0.4124520286807029,0.03445104742176106,0.0392456040741927,-0.04404016072662433,0.11294225557014645,0.008156492692051955,0.060745602151470166,1.4106200424416326,0.2597768297654758,0.8910663829106811,1.9301737019725842,1.236569566498764,1.5846705183845013,2,Nitrogen Deficiency,5.129558842056067
0.4173208556387841,0.1085924667512781,0.20013592213622794,0.6345057891413404,0.3445639029154278,0.49007780836214043,0.3828527077500219,0.08687397340102249,0.20910476094797692,0.5566006545520669,0.32464714557133684,0.44105826992870695,0.3649300007733891,0.09773322007615029,0.16946356062108853,0.5603964409256896,0.2994487433223684,0.4304112582244098,0.12688293538779485,0.030185626190550555,0.06651168300669374,0.18725418776889596,0.10665856584012598,0.14710730493546373,2.1267499409455355,0.3044508166671788,1.5178483076111777,2.7356515742798933,1.9227678937785257,2.3307319881125452,3,Disease,5.400569649724217
0.22721497330941196,0.044918582233631876,0.1373778088421482,0.31705213777667574,0.1971195232128786,0.25731042340594534,0.1666588053018291,0.0359348657869055,0.0947890737280181,0.23852853687564013,0.14258244522460242,0.1907351653790558,0.23026522463334032,0.04042672401026869,0.14941177661280292,0.3111186726538777,0.2031793195464603,0.25735112972022034,-0.2642119057249208,0.0586010764266605,-0.38141405857824184,-0.1470097528715998,-0.30347462693078336,-0.22494918451905827,0.5294727313178149,0.13728916704566343,0.25489439722648805,0.8040510654091417,0.4374889893972204,0.6214564732384095,4,Severe Stress,2.6079084454480173
0.8376680913642076,0.045254863302748166,0.7471583647587112,0.928177817969704,0.8073473329513663,0.8679888497770489,0.694246538020372,0.03620389064219853,0.6218387567359749,0.766654319304769,0.669989931290099,0.7185031447506449,0.7583696690185816,0.04072937697247335,0.6769109150736349,0.8398284229635283,0.7310809864470245,0.7856583515901387,0.15436991984969806,0.025590895065051578,0.1031881297195949,0.2055517099798012,0.1372240201561135,0.1715158195432826,4.1994888021003325,0.3385801935579671,3.5223284149843983,4.876649189216266,3.9726400724164943,4.426337531784171,0,Healthy,8.806509280190978
0.47454839142985566,0.030764914523705077,0.4130185623824455,0.5360782204772658,0.4539358986989733,0.49516088416073806,0.3961584352135046,0.024611931618964064,0.3469345719755764,0.44538229845143273,0.37966844102879865,0.4126484293982105,0.42847747777301726,0.02768842307133457,0.3731006316303481,0.4838543239156864,0.40992623431522307,0.44702872123081144,-0.35072026062070216,0.055088021632524325,-0.4608963038857508,-0.2405442173556535,-0.3876292351144935,-0.31381128612691084,4.129149440462764,0.21773353222679065,3.693682376009183,4.564616504916345,3.9832679738708143,4.275030907054714,1,Water Stress,6.541498598678943
0.4658702362855328,0.03508161170277438,0.39570701287998405,0.5360334596910816,0.44236555644467396,0.48937491612639167,0.3528339764448405,0.028065289362219505,0.2967033977204015,0.4089645551692795,0.3340302325721534,0.37163772031752756,0.4341397754675546,0.031573450532496945,0.37099287440256074,0.4972866765325485,0.41298556361078165,0.4552939873243276,0.11308332882747227,0.029288507805872693,0.05450631321572688,0.17166034443921765,0.09346002859753756,0.132706629057407,1.2626797856696066,0.36987237198237055,0.5229350417048655,2.0024245296343475,1.0148652964414184,1.5104942748977948,2,Nitrogen Deficiency,5.959728053433029
0.45871057222279776,0.09766248318428507,0.26338560585422766,0.6540355385913679,0.3932767084893268,0.5241444359562688,0.32865826184907465,0.07812998654742806,0.17239828875421853,0.48491823494393077,0.27631117086229784,0.38100535283585146,0.43922944241732653,0.08789623486585656,0.2634369726856134,0.6150219121490397,0.38033896505720266,0.4981199197774504,0.28129442219290934,0.03339622458628344,0.21450197302034246,0.3480868713654762,0.25891895172009943,0.30366989266571925,3.248475991827984,0.14178162179901618,2.9649127482299518,3.5320392354260166,3.1534823052226435,3.343469678433325,3,Disease,5.48506297317574
0.23161309606713243,0.02935166203386645,0.17290977199939953,0.2903164201348653,0.2119474825044419,0.25127870962982296,0.21415019797615903,0.02348132962709316,0.1671875387219727,0.26111285723034533,0.19841770712600662,0.22988268882631144,0.18755227924438428,0.026416495830479805,0.13471928758342466,0.2403852709053439,0.1698532270379628,0.20525133145080576,-0.23326945401183924,0.029939565592578626,-0.2931485851969965,-0.173390322826682,-0.2533289629588669,-0.21320994506481156,0.9151140664407662,0.3231838877718031,0.26874629089715996,1.5614818419843726,0.6985808616336581,1.1316472712478742,4,Severe Stress,1.0737713564187146
0.7639779369742633,0.023318952108656216,0.7173400327569509,0.8106158411915757,0.7483542390614636,0.779601634887063,0.5953905244510014,0.018655161686924975,0.5580802010771514,0.6327008478248514,0.5828915661207617,0.6078894827812411,0.7068555815571578,0.020987056897790596,0.6648814677615766,0.7488296953527389,0.692794253435638,0.7209169096786775,0.3287376057222072,0.05385809166938073,0.22102142238344577,0.43645378906096866,0.29265268430372215,0.3648225271406923,6.6302969102852485,0.13824659869959474,6.353803712886059,6.906790107684438,6.53767168915652,6.722922131413977,0,Healthy,9.589149162241469
0.569594304866933,0.03923442898655892,0.4911254468938151,0.6480631628400508,0.5433072374459385,0.5958813722879275,0.47790070073285307,0.031387543189247136,0.4151256143543588,0.5406757871113473,0.4568710467960575,0.49893035466964863,0.5258370665730041,0.03531098608790303,0.45521509439719804,0.5964590387488101,0.5021787058941091,0.5494954272518991,-0.3550247717953679,0.04775793777868399,-0.4505406473527359,-0.2595088962379999,-0.3870225901070862,-0.3230269534836496,2.9585027904652828,0.2628173330042789,2.432868124456725,3.4841374564738405,2.7824151773524157,3.1345904035781498,1,Water Stress,5.129497647267382
0.45185439902558794,0.03386017410932398,0.38413405080693996,0.5195747472442359,0.4291680823723409,0.474540715678835,0.36982269869708245,0.027088139287459186,0.3156464201221641,0.4239989772720008,0.3516736453744848,0.3879717520196801,0.40072004412884754,0.030474156698391583,0.33977173073206435,0.46166835752563073,0.3803023591409252,0.4211377291167699,0.054479315040427696,0.05789133358447261,-0.06130335212851753,0.17026198220937291,0.015692121538831046,0.09326650854202434,1.7084505613336285,0.14600542093482408,1.4164397194639804,2.0004614032032766,1.6106269293072963,1.8062741933599606,2,Nitrogen Deficiency,6.465574580041993
0.45117773577689324,0.09390799101535253,0.2633617537461882,0.6389937178075983,0.388259381796607,0.5140960897571795,0.39815457951592975,0.07512639281228203,0.24790179389136568,0.5484073651404938,0.3478198963317008,0.4484892627001587,0.43198705914822066,0.08451719191381728,0.2629526753205861,0.6010214429758552,0.3753605405659631,0.48861357773047825,0.22229084708692956,0.04786603295507569,0.12655878117677818,0.31802291299708096,0.19022060500702886,0.25436108916683026,2.036220367641681,0.37674981435318877,1.2827207389353033,2.789719996348058,1.7837979920250442,2.2886427432583174,3,Disease,5.268096585783496
0.14745702772456704,0.04803101044307045,0.05139500683842614,0.24351904861070794,0.11527625072770983,0.17963780472142424,0.11037868930989223,0.03842480835445636,0.03352907260097951,0.18722830601880494,0.08463406771240646,0.13612331090737798,0.1468979790895937,0.043227909398763406,0.06044216029206689,0.23335379788712052,0.11793527979242222,0.1758606783867652,-0.2118558199165934,0.05702274051627104,-0.3259013009491355,-0.09781033888405133,-0.250061056062495,-0.1736505837706918,0.6853720371062848,0.23525181142123966,0.21486841426380549,1.155875659948764,0.5277533234540542,0.8429907507585154,4,Severe Stress,1.2491237008496616
0.8469682397924669,0.03556514171378217,0.7758379563649026,0.9180985232200313,0.8231395948442329,0.8707968847407009,0.7196587800957108,0.028452113371025736,0.6627545533536594,0.7765630068377622,0.7005958641371236,0.738721696054298,0.7844651975369479,0.03200862754240395,0.7204479424521399,0.8484824526217558,0.7630194170835373,0.8059109779903585,0.35166942593378026,0.04365101742979717,0.26436739107418594,0.43897146079337457,0.32242324425581614,0.38091560761174437,4.373988043609801,0.2197008111610391,3.934586421287723,4.813389665931879,4.226788500131905,4.521187587087697,0,Healthy,8.219046555288125
0.5002795862468852,0.03612186808813769,0.4280358500706098,0.5725233224231605,0.47607793462783293,0.5244812378659375,0.38357358616662257,0.028897494470510154,0.32577859722560226,0.4413685751076429,0.36421226487138075,0.4029349074618644,0.44414174923765326,0.032509681279323924,0.37912238667900544,0.5091611117963011,0.4223602627805062,0.4659232356948003,-0.15914396542059656,0.05679422465651042,-0.2727324147336174,-0.045555516107575716,-0.19719609594045853,-0.12109183490073458,2.5092640460092057,0.2039037983097884,2.101456449389629,2.9170716426287826,2.3726485011416476,2.645879590876764,1,Water Stress,5.367383004740569
0.5106251872164623,0.025291609595186698,0.46004196802608893,0.5612084064068357,0.49367980878768725,0.5275705656452374,0.40374410138643924,0.02023328767614936,0.36327752603414054,0.44421067673873793,0.3901877986434192,0.4173004041294593,0.4380140897176041,0.02276244863566803,0.392489192446268,0.48353898698894016,0.4227632491317065,0.4532649303035017,0.13566538226694214,0.03993471090957919,0.05579596044778376,0.2155348040861005,0.10890912595752408,0.1624216385763602,1.024604822939982,0.22567763485136438,0.5732495532372532,1.4759600926427108,0.8734008075895678,1.1758088382903962,2,Nitrogen Deficiency,7.28711475267025
0.4224787798233266,0.07068215801218508,0.28111446379895644,0.5638430958476968,0.3751217339551626,0.4698358256914906,0.28929246951749465,0.056545726409748066,0.17620101669799854,0.4023839223369908,0.25140683282296344,0.32717810621202587,0.3900431441619966,0.06361394221096657,0.2628152597400635,0.5172710285839297,0.347421802880649,0.4326644854433442,0.21611767005560867,0.0584428126987782,0.09923204465805227,0.3330032954531651,0.17696098554742729,0.25527435456379005,3.2645285758390608,0.1445988183259339,2.975330939187193,3.5537262124909286,3.167647367560685,3.3614097841174364,3,Disease,4.53656030931756
0.13536294025415588,0.042498814111975335,0.05036531203020521,0.22036056847810653,0.1068887347991324,0.16383714570917934,0.11782885393532909,0.03399905128958027,0.049830751356168546,0.18582695651448963,0.0950494895713103,0.1406082182993479,0.09585123487204594,0.0382489327007778,0.019353369470490336,0.17234910027360156,0.07022444996252482,0.12147801978156707,-0.0015628740770263216,0.02839622372382343,-0.05835532152467318,0.05522957337062054,-0.02058834397198802,0.017462595817935377,0.6017560082649941,0.36941628683221417,0.0,1.3405885819294223,0.35424709608741056,0.8492649204425776,4,Severe Stress,1.4513072090604158
0.6881375441327333,0.04326582850085032,0.6016058871310327,0.7746692011344339,0.6591494390371636,0.717125649228303,0.5569941486324483,0.034612662800680254,0.4877688230310878,0.6262194742338089,0.5338036645559926,0.5801846327089041,0.5932663080851611,0.038939245650765286,0.5153878167836305,0.6711447993866917,0.5671770134991484,0.6193556026711738,0.11096490035442846,0.0381315533899211,0.03470179357458626,0.18722800713427068,0.08541675958318132,0.1365130411256756,5.416200835329998,0.25731708079827403,4.90156667373345,5.930834996926546,5.2437983911951545,5.5886032794648415,0,Healthy,9.763050987752912
0.5101144591312989,0.048383463864008984,0.41334753140328095,0.6068813868593169,0.4776975383424129,0.542531379920185,0.37628438035456624,0.03870677109120719,0.2988708381721519,0.4536979225369806,0.35035084372345743,0.40221791698567505,0.48081015047898007,0.043545117477608086,0.3937199155237639,0.5679003854341962,0.4516349217689827,0.5099853791889775,-0.23210790060753464,0.03493237265119012,-0.3019726459099149,-0.1622431553051544,-0.255512590283832,-0.20870321093123725,2.810480491861425,0.18122340194306613,2.448033687975293,3.172927295747557,2.6890608125595707,2.9319001711632793,1,Water Stress,6.109998858097539
0.4613101256647145,0.020812879775104504,0.4196843661145055,0.5029358852149235,0.4473654962153945,0.47525475511403453,0.39064532341651137,0.016650303820083603,0.3573447157763442,0.42394593105667855,0.37948961985705537,0.40180102697596737,0.42471454961285215,0.018731591797594056,0.387251366017664,0.4621777332080403,0.41216438310846415,0.43726471611724016,0.007615906698103458,0.028878886477317976,-0.0501418662565325,0.06537367965273941,-0.011732947241699584,0.026964760637906503,0.9561525973661904,0.16932243897642144,0.6175077194133476,1.2947974753190332,0.842706563251988,1.0695986314803927,2,Nitrogen Deficiency,6.679731858996821
0.3539421075508728,0.07429096686280359,0.2053601738252656,0.50252404127648,0.3041671597527944,0.4037170553489512,0.2510081522461316,0.059432773490242875,0.13214260526564586,0.36987369922661734,0.21118819400766886,0.29082811048459434,0.327712663266898,0.06686187017652323,0.19398892291385156,0.4614364036199445,0.2829152102486274,0.3725101162851686,0.12082171639691477,0.023977655710373805,0.07286640497616717,0.16877702781766238,0.10475668707096432,0.13688674572286522,3.599832170746379,0.17295165729983625,3.2539288561467066,3.9457354853460513,3.4839545603554885,3.7157097811372695,3,Disease,5.305667329639148
0.27402536425913143,0.028794431907830396,0.21643650044347063,0.33161422807479224,0.2547330948808851,0.2933176336373778,0.23602880506436977,0.023035545526264318,0.18995771401184114,0.2820998961168984,0.22059498956177268,0.2514626205669669,0.22892188555816756,0.02591498871704736,0.17709190812407283,0.2807518629922623,0.21155884311774584,0.24628492799858928,-0.0848900677165042,0.05585343274084478,-0.19659693319819377,0.026816797765185363,-0.12231186765287021,-0.0474682677801382,0.5177468236947639,0.10390057705322081,0.30994566958832226,0.7255479778012055,0.4481334370691059,0.5873602103204218,4,Severe Stress,1.1881187678798297
0.6915772510292055,0.04678015133230925,0.5980169483645871,0.785137553693824,0.6602345496365584,0.7229199524218527,0.5615659569203336,0.0374241210658474,0.4867177147886388,0.6364141990520285,0.5364917958062159,0.5866401180344514,0.617704998961835,0.04210213619907832,0.5335007265636783,0.7019092713599916,0.5894965677084525,0.6459134302152174,0.10795966116214592,0.05269774246953764,0.0025641762230706466,0.2133551461012212,0.0726521737075557,0.14326714861673615,4.544306305269392,0.2025452055093628,4.1392158942506665,4.949396716288117,4.4086010175781185,4.680011592960665,0,Healthy,9.03769373372517
0.50695386122509,0.03656141542555941,0.4338310303739712,0.5800766920762088,0.4824577128899652,0.5314500095602148,0.41797797976498546,0.02924913234044753,0.3594797150840904,0.47647624444588055,0.39838106109688565,0.4375748984330853,0.45082317423405543,0.03290527388300347,0.3850126264680485,0.5166337220000624,0.4287766407324431,0.4728697077356678,-0.22291151724555766,0.037445061165412664,-0.297801639576383,-0.14802139491473232,-0.24799970822638415,-0.19782332626473118,3.0361272816457525,0.1883397278625753,2.659447825920602,3.4128067373709032,2.909939663977827,3.162314899313678,1,Water Stress,6.8711332674053915
0.5145408691239641,0.04399565767841946,0.4265495537671252,0.602532184480803,0.4850637784794231,0.5440179597685052,0.4103758151241227,0.03519652614273557,0.33998276283865153,0.48076886740959385,0.3867941426084899,0.4339574876397555,0.4867599158252132,0.039596091910577516,0.40756773200405816,0.5659520996463683,0.4602305342451263,0.5132892974053002,0.042033952729935764,0.03700854017876934,-0.031983127627602914,0.11605103308747444,0.017238230810160304,0.06682967464971122,1.6684679758979128,0.10674079249603523,1.4549863909058425,1.8819495608899832,1.5969516449255692,1.7399843068702565,2,Nitrogen Deficiency,5.671693398462365
0.4583268429321734,0.11906413084221312,0.22019858124774716,0.6964551046165997,0.37855387526789064,0.5380998105964562,0.33059708175302116,0.0952513046737705,0.14009447240548015,0.5210996911005622,0.26677870762159495,0.3944154558844474,0.43258997284691403,0.10715771775799181,0.2182745373309304,0.6469054083628977,0.3607943019490595,0.5043856437447686,0.22669564396522945,0.04102760729210743,0.1446404293810146,0.3087508585494443,0.19920714707951748,0.25418414085094143,2.515775370866405,0.15150378575449105,2.212767799357423,2.8187829423753867,2.4142678344108957,2.617282907321914,3,Disease,4.180768316298423
0.12331032177854401,0.0366253400754738,0.05005964162759641,0.1965610019294916,0.09877134392797657,0.14784929962911145,0.10629990497426056,0.02930027206037904,0.04769936085350248,0.16490044909501864,0.0866687226938066,0.12593108725471452,0.09742260284192196,0.03296280606792642,0.03149699070606912,0.1633482149777748,0.07533752277641126,0.11950768290743266,-0.0428505967197505,0.04605681553407456,-0.13496422778789963,0.04926303434839863,-0.07370866312758045,-0.01199253031192054,0.29420086631211295,0.34892254111216053,0.0,0.992045948536434,0.06042276376696537,0.5279789688572605,4,Severe Stress,1.454126797873327
0.6521991657316961,0.0380155058130096,0.5761681541056769,0.7282301773577153,0.6267287768369797,0.6776695546264125,0.5591483403416084,0.030412404650407683,0.4983235310407931,0.6199731496424238,0.5387720292258353,0.5795246514573815,0.592824035288745,0.03421395523170864,0.5243961248253277,0.6612519457521624,0.5699006852835002,0.6157473852939899,0.1410656890206422,0.04660146698185022,0.047862755056941764,0.23426862298434264,0.10984270614280256,0.17228867189848185,6.700055925544316,0.15261138358703488,6.394833158370246,7.005278692718385,6.597806298541002,6.8023055525476295,0,Healthy,11.65764778369984
0.512815578733811,0.042141008492791114,0.42853356174822876,0.5970975957193932,0.48458110304364094,0.541050054423981,0.3649490596645543,0.03371280679423289,0.29752344607608855,0.4323746732530201,0.34236147911241827,0.3875366402166904,0.4415110229857947,0.037926907643512,0.3656572076987707,0.5173648382728187,0.41609999486464166,0.46692205110694773,-0.28505844152515075,0.02331194671700506,-0.3316823349591609,-0.23843454809114062,-0.3006774458255441,-0.2694394372247574,3.537835410565675,0.28094563283991647,2.975944144885842,4.099726676245508,3.349601836562931,3.726068984568419,1,Water Stress,5.113372774203302
0.4583943421062965,0.03699213920890691,0.38441006368848263,0.5323786205241103,0.4336096088363288,0.48317907537626414,0.38862006420346173,0.029593711367125533,0.3294326414692107,0.4478074869377128,0.3687922775874876,0.40844785081943585,0.40038221083305736,0.03329292528801622,0.3337963602570249,0.4669680614090898,0.3780759508900865,0.4226884707760282,0.08660812103120996,0.03904201608796398,0.008524088855281997,0.16469215320713793,0.060449970252274096,0.11276627181014583,1.1556727164649492,0.2991013496087945,0.5574700172473602,1.753875415682538,0.9552748122270569,1.3560706207028415,2,Nitrogen Deficiency,7.342074348311895
0.4965144194420501,0.06308554880905502,0.37034332182394003,0.6226855170601602,0.45424710173998323,0.5387817371441169,0.37343793998362257,0.05046843904724402,0.27250106188913453,0.4743748180781106,0.33962408582196907,0.40725179414527607,0.4525676533398604,0.05677699392814952,0.3390136654835613,0.5661216411961594,0.4145270674080002,0.49060823927172054,0.14298807571815136,0.03985464988804945,0.06327877594205246,0.22269737549425028,0.11628546029315823,0.1696906911431445,2.0623662701225696,0.2790528546750668,1.504260560772436,2.620471979472703,1.8754008574902747,2.2493316827548644,3,Disease,4.335609727042402
0.25876419667424794,0.040652071892832084,0.17746005288858377,0.3400683404599121,0.23152730850605044,0.28600108484244546,0.22983023295975868,0.03252165751426567,0.16478691793122735,0.29487354798829,0.2080407224252007,0.2516197434943167,0.23261725597919505,0.036586864703548876,0.15944352657209732,0.3057909853862928,0.2081040566278173,0.2571304553305728,-0.4467008734331141,0.037393093544149845,-0.5214870605214138,-0.3719146863448144,-0.4717542461076945,-0.4216475007585337,0.26011022538864703,0.17392060997173206,0.0,0.6079514453321111,0.14358341670758656,0.3766370340697075,4,Severe Stress,2.80202509888324
0.8098831757937959,0.022747462199799024,0.7643882513941979,0.8553781001933939,0.7946423761199305,0.8251239754676613,0.6569296073219454,0.01819796975983922,0.6205336678022669,0.6933255468416238,0.6447369675828531,0.6691222470610376,0.720553292030818,0.02047271597981912,0.6796078600711797,0.7614987239904563,0.7068365723243392,0.7342700117372968,0.30840894125632806,0.05669254301848971,0.19502385521934865,0.4217940272933075,0.27042493743393997,0.34639294507871615,4.816435411689888,0.14104558927568844,4.534344233138511,5.098526590241264,4.721934866875176,4.910935956504599,0,Healthy,11.80094941528321
0.5169008659436933,0.04419683443584349,0.42850719707200635,0.6052945348153803,0.4872889868716782,0.5465127450157085,0.4508152763425955,0.0353574675486748,0.3801003412452459,0.521530211439945,0.4271257730849834,0.4745047796002076,0.4791442725338977,0.03977715099225914,0.3995899705493794,0.558698574518416,0.4524935813690841,0.5057949636987114,-0.34446012134841414,0.046351334668428695,-0.43716279068527153,-0.25175745201155675,-0.3755155155762614,-0.3134047271205669,3.583801894756716,0.3076829693553558,2.9684359560460045,4.199167833467428,3.377654305288628,3.7899494842248043,1,Water Stress,6.622989128913298
0.4374502013288779,0.021182804341055177,0.39508459264676754,0.4798158100109883,0.42325772242037096,0.45164268023738485,0.39872696186276707,0.016946243472844142,0.36483447491707877,0.4326194488084554,0.3873729787359615,0.41008094498957265,0.42034874157718694,0.01906452390694966,0.3822196937632876,0.45847778939108624,0.4075755105595307,0.4331219725948432,0.14682748909294213,0.04822300690062753,0.05038147529168707,0.2432735028941972,0.11451807446952168,0.1791369037163626,1.0212094418196023,0.37757449522469977,0.26606045137020273,1.7763584322690018,0.7682345300190534,1.2741843536201511,2,Nitrogen Deficiency,5.451438362818334
0.4635890461105259,0.11546377172259181,0.2326615026653423,0.6945165895557095,0.38622831905638944,0.5409497731646624,0.3906132636131048,0.09237101737807346,0.20587122885695786,0.5753552983692517,0.32872468196979554,0.452501845256414,0.4050710819418264,0.10391739455033264,0.19723629284116112,0.6129058710424917,0.3354464275931035,0.4746957362905493,0.28309765951760835,0.058842329806614704,0.16541299990437894,0.4007823191308377,0.2436732985471765,0.3225220204880402,2.0678919571715975,0.3832799467340302,1.301332063703537,2.834451850639658,1.8110943928597973,2.3246895214833976,3,Disease,4.6855355416436595
0.27516767717807644,0.037888096354461595,0.19939148446915325,0.35094386988699966,0.2497826526205872,0.3005527017355657,0.2530256891575289,0.03031047708356928,0.19240473499039032,0.3136466433246674,0.23271766951153747,0.2733337088035203,0.21987136754319836,0.03409928671901544,0.15167279410516749,0.28806994098122923,0.197024845441458,0.2427178896449387,-0.07772530073246481,0.02920035349150812,-0.13612600771548106,-0.019324593749448567,-0.09728953757177525,-0.05816106389315437,0.4552803785946045,0.13617006573318366,0.1829402471282372,0.7276205100609718,0.3640464345533715,0.5465143226358375,4,Severe Stress,1.1692970435842602
0.7892577551756279,0.03618473877126012,0.7168882776331077,0.8616272327181481,0.7650139801988837,0.8135015301523721,0.5879418382203967,0.028947791017008097,0.5300462561863805,0.6458374202544129,0.5685468182390012,0.6073368582017922,0.6992493999279018,0.03256626489413411,0.6341168701396336,0.76438192971617,0.677430002448832,0.7210687974069716,0.20196248913041986,0.05162892659355854,0.09870463594330278,0.3052203423175369,0.16737110831273563,0.2365538699481041,6.174300314586285,0.19562575087962097,5.783048812827043,6.565551816345526,6.043231061496939,6.305369567675631,0,Healthy,10.503565505748035
0.582896662235428,0.020638082325511616,0.5416204975844048,0.6241728268864513,0.5690691470773352,0.5967241773935208,0.41875740794399624,0.016510465860409294,0.38573647622317764,0.45177833966481484,0.407695395817522,0.42981942007047047,0.546812928445941,0.018574274092960454,0.50966438026002,0.5839614766318619,0.5343681648036575,0.5592576920882245,-0.21524104354530862,0.054988066907367975,-0.3252171773600446,-0.10526490973057268,-0.2520830483732452,-0.1783990387173721,2.9659189495072678,0.25868114020816363,2.4485566690909404,3.483281229923595,2.7926025855677983,3.1392353134467372,1,Water Stress,6.847669246282241
0.5198174853660499,0.034396268609117264,0.45102494814781535,0.5886100225842844,0.4967719853979413,0.5428629853341584,0.44257281718595265,0.027517014887293814,0.38753878741136505,0.49760684696054025,0.4241364172114658,0.4610092171604395,0.4619515916459994,0.03095664174820554,0.40003830814958835,0.5238648751424105,0.4412106416747017,0.48269254161729713,0.29938023316000123,0.0451002185287348,0.20917979610253162,0.38958067021747084,0.2691630867457489,0.32959737957425356,1.1507118154517102,0.3621031342559017,0.42650554693990683,1.8749180839635136,0.9081027155002561,1.3933209154031643,2,Nitrogen Deficiency,7.460208672998238
0.5036546827729037,0.06662844678788368,0.37039778919713634,0.636911576348671,0.4590136234250216,0.5482957421207858,0.42668197637721217,0.05330275743030695,0.3200764615165983,0.533287491237826,0.3909691288989065,0.46239482385551783,0.4376158432417115,0.059965602109095316,0.31768463902352084,0.5575470474599021,0.39743888982861764,0.47779279665480534,0.18355335643346676,0.03418488630563106,0.11518358382220464,0.2519231290447289,0.16064948260869394,0.2064572302582396,2.84271400455414,0.18617169749622453,2.470370609561691,3.2150573995465894,2.71797896723167,2.9674490418766104,3,Disease,4.2407703011399756
0.16204939518898379,0.03152979941479045,0.09898979635940289,0.22510899401856468,0.14092442958107418,0.1831743607968934,0.17841175512479018,0.02522383953183236,0.12796407606112548,0.2288594341884549,0.1615117826384625,0.19531172761111787,0.14151084369423717,0.028376819473311405,0.08475720474761436,0.19826448264085997,0.12249837464711852,0.1605233127413558,-0.47895340518181906,0.047185891307722785,-0.5733251877972646,-0.3845816225663735,-0.5105679523579933,-0.44733885800564477,0.21429914778673106,0.16547616635951928,0.0,0.5452514805057697,0.10343011632585314,0.325168179247609,4,Severe Stress,3.0899146046904957
0.8072690028831104,0.034022045337496094,0.7392249122081183,0.8753130935581026,0.784474232506988,0.8300637732592329,0.6837270330627049,0.027217636269996875,0.6292917605227111,0.7381623056026987,0.665491216761807,0.7019628493636028,0.7532260239322841,0.030619840803746485,0.6919863423247912,0.814465705539777,0.732710730593774,0.7737413172707942,0.12682330069367787,0.04453645556842831,0.03775038955682125,0.21589621183053448,0.0969838754628309,0.15666272592452482,5.252742327354785,0.1501101838276226,4.952521959699539,5.55296269501003,5.152168504190278,5.353316150519292,0,Healthy,11.964674504547906
0.48475075520751654,0.02692009435153276,0.43091056650445103,0.538590943910582,0.4667142919919896,0.5027872184230435,0.3985742836538992,0.02153607548122621,0.35550213269144676,0.4416464346163516,0.38414511308147764,0.41300345422632073,0.4370369903477554,0.024228084916379483,0.38858082051499643,0.48549316018051436,0.4208041734537811,0.45326980724172966,-0.11718046775946228,0.02706112128022033,-0.17130271031990293,-0.06305822519902163,-0.1353114190172099,-0.09904951650171466,3.799293297984737,0.16614586272105264,3.4670015725426317,4.131585023426842,3.6879755699616315,3.9106110260078424,1,Water Stress,4.966095655360636
0.5169376710350131,0.04783256849585639,0.42127253404330034,0.6126028080267258,0.4848898501427893,0.5489854919272369,0.46046039984209164,0.038266054796685114,0.38392829024872144,0.5369925094354618,0.43482214312831263,0.48609865655587065,0.48827105702931733,0.04304931164627075,0.4021724337367758,0.5743696803218589,0.4594280182263159,0.5171140958323187,0.10503757775001903,0.05979631290585741,-0.014555048061695788,0.22463020356173385,0.06497404810309457,0.14510110739694349,0.8578426765633964,0.1521685747658462,0.553505527031704,1.1621798260950889,0.7558897314702795,0.9597956216565133,2,Nitrogen Deficiency,5.990605047256647
0.5016476951408183,0.07342905688935739,0.35478958136210353,0.648505808919533,0.45245022702494886,0.5508451632566878,0.4329014686117164,0.05874324551148591,0.3154149775887446,0.5503879596346882,0.39354349411902084,0.472259443104412,0.4349493599369361,0.06608615120042165,0.30277705753609285,0.5671216623377794,0.39067163863265364,0.4792270812412186,0.23920412361075843,0.04147897691573654,0.15624616977928535,0.3221620774422315,0.21141320907721495,0.2669950381443019,2.30779181267971,0.277881980452511,1.7520278517746881,2.863555773584732,2.1216108857765277,2.4939727395828926,3,Disease,4.950215519594527
0.13646763073159587,0.0486695449468926,0.03912854083781067,0.23380672062538108,0.10385903561717783,0.16907622584601392,0.07212559671355712,0.038935635957514085,-0.005745675201471054,0.1499968686285853,0.046038720622022675,0.09821247280509156,0.14614575245057493,0.04380259045220334,0.05854057154616825,0.2337509333549816,0.11679801684759869,0.17549348805355117,-0.061269568684809816,0.054485104690618014,-0.17023977806604584,0.04770064069642621,-0.09777458882752388,-0.024764548542095748,0.4124800340709649,0.34285482241746346,0.0,1.0981896789058918,0.18276730305126437,0.6421927650906654,4,Severe Stress,2.4415323574058476
0.7601714741218278,0.041702603410657554,0.6767662673005127,0.843576680943143,0.7322307298366872,0.7881122184069684,0.5954060309986937,0.033362082728526046,0.5286818655416416,0.6621301964557458,0.5730534355705813,0.6177586264268061,0.6697395537352646,0.0375323430695918,0.594674867596081,0.7448042398744482,0.6445928838786381,0.6948862235918911,0.12609602797342306,0.039835029403150826,0.04642596916712141,0.20576608677972472,0.099406558273312,0.1527854976735341,5.225359639212096,0.12431386477229439,4.976731909667507,5.473987368756685,5.142069349814658,5.308649928609533,0,Healthy,8.880732807799244
0.5524888145489394,0.03777223353978553,0.4769443474693683,0.6280332816285105,0.5271814180772831,0.5777962110205956,0.441505704340549,0.030217786831828426,0.3810701306768921,0.5019412780042058,0.42125978716322393,0.461751621517874,0.4960751277336443,0.03399501018580698,0.42808510736203037,0.5640651481052583,0.47329847090915367,0.518851784558135,-0.37716074215290996,0.05298723863700597,-0.4831352194269219,-0.271186264878898,-0.41266219203970395,-0.34165929226611597,4.202413828097537,0.20434276237065793,3.7937283033562212,4.611099352838853,4.065504177309196,4.339323478885878,1,Water Stress,6.195040381397659
0.4848597945993687,0.045517451872827255,0.3938248908537142,0.5758946983450232,0.4543631018445744,0.515356487354163,0.4176304378401878,0.03641396149826181,0.34480251484366414,0.4904583608367114,0.39323308363635234,0.4420277920440232,0.4458809252189373,0.04096570668554453,0.36394951184784824,0.5278123385900264,0.41843390173962247,0.4733279486982521,0.0801084810508264,0.05469176803839208,-0.029275055025957772,0.18949201712761055,0.0434649964651037,0.11675196563654909,1.678629986355158,0.31250889301451046,1.053612200326137,2.3036477723841786,1.4692490280354358,1.88801094467488,2,Nitrogen Deficiency,7.09253332090918
0.4894942923338568,0.11285224555193571,0.26378980122998535,0.7151987834377282,0.41388328781405986,0.5651052968536537,0.4168670978228496,0.09028179644154857,0.23630350493975244,0.5974306907059468,0.35637829420701206,0.4773559014386871,0.4200611694180555,0.10156702099674214,0.2169271274245712,0.6231952114115398,0.35201126535023824,0.48811107348587274,0.23602815435206007,0.054873741109809276,0.1262806721324415,0.34577563657167865,0.19926274780848785,0.2727935608956323,3.2372227564303686,0.10877418491036775,3.019674386609633,3.4547711262511043,3.164344052540422,3.310101460320315,3,Disease,5.564541876411907
0.14319657614522013,0.044964025338732255,0.05326852546775562,0.23312462682268464,0.11307067916826952,0.17332247312217075,0.08063325052100694,0.03597122027098581,0.008690809979035319,0.15257569106297855,0.05653253293944645,0.10473396810256742,0.14795493997784187,0.04046762280485903,0.06701969436812381,0.2288901855875599,0.12084163269858632,0.1750682472570974,-0.33244057287042905,0.04029870935043345,-0.41303799157129595,-0.25184315416956216,-0.35944070813521944,-0.30544043760563866,0.7948066050332863,0.10191576151505008,0.590975082003186,0.9986381280633865,0.7265230448182027,0.8630901652483698,4,Severe Stress,1.6314838929848081
0.7733853836751484,0.03619956139147566,0.7009862608921971,0.8457845064580998,0.7491316775428597,0.7976390898074371,0.5946886650465348,0.02895964911318053,0.5367693668201737,0.6526079632728959,0.5752857001407039,0.6140916299523658,0.7040871874936103,0.0325796052523281,0.6389279769889541,0.7692463979982666,0.6822588519745505,0.7259155230126701,0.3943558534082271,0.05119381580604574,0.29196822179613563,0.49674348502031856,0.36005599681817646,0.42865570999827773,5.895440581050005,0.13209419164808753,5.63125219775383,6.15962896434618,5.806937472645787,5.9839436894542235,0,Healthy,11.044111610008112
0.5311899868014165,0.023075291839720378,0.48503940312197574,0.5773405704808573,0.5157295412688039,0.5466504323340291,0.43821417875452806,0.0184602334717763,0.40129371181097545,0.47513464569808067,0.42584582232843793,0.4505825351806182,0.5039926744518759,0.02076776265574834,0.4624571491403792,0.5455281997633725,0.49007827347252453,0.5179070754312273,-0.11110239884230161,0.05748913948945804,-0.22608067782121768,0.003875880136614468,-0.1496201223002385,-0.07258467538436472,3.183744332077372,0.30636571669024404,2.571012898696884,3.7964757654578603,2.9784793018949087,3.3890093622598356,1,Water Stress,4.66959264776293
0.44514453504202245,0.03862746553302432,0.3678896039759738,0.5223994661080711,0.41926413313489613,0.47102493694914876,0.3643326740512453,0.030901972426419455,0.3025287291984064,0.4261366189040842,0.34362835252554425,0.3850369955769464,0.3913830649549976,0.03476471897972189,0.3218536269955538,0.46091250291444136,0.3680907032385839,0.4146754266714113,0.21245162659358446,0.021829681352500515,0.16879226388858343,0.2561109892985855,0.1978257400874091,0.22707751309975982,0.8673506014687717,0.3614610418457129,0.1444285177773459,1.5902726851601976,0.625171703432144,1.1095294995053995,2,Nitrogen Deficiency,7.433722422943492
0.5437755710571384,0.061327413091739835,0.4211207448736587,0.666430397240618,0.5026862042856727,0.584864937828604,0.460846776438613,0.04906193047339187,0.3627229154918292,0.5589706373853968,0.42797528302144044,0.49371826985578554,0.4608732289389526,0.05519467178256585,0.3504838853738209,0.5712625725040843,0.4238927988446335,0.4978536590332717,0.24993036634858493,0.03294440876598165,0.18404154881662163,0.3158191838805482,0.22785761247537722,0.2720031202217926,2.260172480261264,0.24659295712139975,1.7669865660184645,2.7533583945040636,2.094955198989926,2.425389761532602,3,Disease,5.426018544519483
0.2429931677891709,0.033541610729890266,0.1759099463293904,0.3100763892489514,0.22052028860014442,0.26546604697819737,0.24410698424710786,0.026833288583912214,0.19044040707928345,0.2977735614149323,0.22612868089588667,0.26208528759832905,0.2142647291444122,0.03018744965690124,0.15388982983060973,0.27463962845821466,0.19403913787428836,0.23449032041453602,-0.27704864681162583,0.026544952847666767,-0.33013855250695934,-0.2239587411162923,-0.29483376521956256,-0.2592635284036891,0.4189013330253327,0.33844286462497886,0.0,1.0957870622752903,0.19214461372659689,0.6456580523240686,4,Severe Stress,2.5261008967192753
0.6941539225577521,0.04852590686751231,0.5971021088227275,0.7912057362927767,0.6616415649565188,0.7266662801589854,0.5707742594743153,0.038820725494009854,0.49313280848629554,0.6484157104623349,0.5447643733933286,0.5967841455553019,0.6111341019218695,0.04367331618076108,0.5237874695603473,0.6984807342833916,0.5818729800807595,0.6403952237629794,0.12471431368475282,0.026042315671236008,0.0726296823422808,0.17679894502722482,0.10726596218502468,0.14216266518448095,6.041497906224139,0.22970044031278058,5.582097025598578,6.5008987868497,5.887598611214576,6.1953972012337015,0,Healthy,11.774463680670396
0.5129590975389183,0.032280020189451294,0.4483990571600157,0.577519137917821,0.49133148401198595,0.5345867110658507,0.3877887982660017,0.025824016151561036,0.3361407659628796,0.4394368305691238,0.37048670744445583,0.4050908890875476,0.4907018466626162,0.029052018170506167,0.4325978103216038,0.5488058830036285,0.471236994488377,0.5101666988368553,-0.20844221570077434,0.055763968147165374,-0.3199701519951051,-0.0969142794064436,-0.24580407435937515,-0.17108035704217353,3.2951887959255886,0.1689863817673259,2.957216032390937,3.63316155946024,3.18196792014148,3.408409671709697,1,Water Stress,5.032761760062709
0.40467011243267675,0.04904580283744166,0.3065785067577934,0.5027617181075601,0.3718094245315908,0.4375308003337627,0.36017191493010514,0.039236642269953326,0.2816986303901985,0.4386451994700118,0.3338833646092364,0.3864604652509739,0.3625956955909025,0.04414122255369749,0.2743132504835075,0.45087814069829746,0.3330210764799252,0.3921703147018798,0.19550004761276552,0.027421020628124845,0.14065800635651582,0.2503420888690152,0.17712796379192186,0.21387213143360917,1.1685263437237612,0.3605869503866833,0.44735244295039456,1.8897002444971278,0.9269330869646834,1.410119600482839,2,Nitrogen Deficiency,6.941492131979354
0.5041843689288105,0.06195157076947511,0.38028122738986025,0.6280875104677607,0.46267681651326215,0.5456919213443588,0.41596952730618997,0.04956125661558009,0.3168470140750298,0.5150920405373501,0.3827634853737513,0.4491755692386286,0.43164062469687264,0.0557564136925276,0.32012779731181745,0.5431534520819279,0.39428382752287916,0.4689974218708661,0.2689566456233775,0.05683391391262747,0.15528881779812256,0.3826244734486325,0.2308779233019171,0.30703536794483793,3.522047981885998,0.28499509435622145,2.952057793173555,4.092038170598441,3.3311012686673296,3.7129946951046664,3,Disease,5.49134322744044
0.206674023272259,0.0260157418010101,0.1546425396702388,0.2587055068742792,0.18924347626558224,0.22410457027893577,0.18389574734070435,0.020812593440808082,0.1422705604590882,0.2255209342223205,0.16995130973536293,0.19784018494604577,0.18182497463900088,0.02341416762090909,0.1349966393971827,0.22865330988081906,0.1661374823329918,0.19751246694500996,-0.44134590551880276,0.03966378186965747,-0.5206734692581177,-0.36201834177948783,-0.46792063937147327,-0.41477117166613225,0.3001486337620404,0.11926268112254024,0.0616232715169599,0.5386739960071208,0.2202426374099384,0.3800546301141423,4,Severe Stress,2.2803370842116775
0.7037986808870196,0.022173406633836767,0.659451867619346,0.7481454941546931,0.6889424984423489,0.7186548633316903,0.5585609596177958,0.017738725307069415,0.523083509003657,0.5940384102319347,0.5466760136620593,0.5704459055735324,0.6041160451928037,0.01995606597045309,0.5642039132518976,0.6440281771337099,0.5907454809926002,0.6174866093930073,0.3392677301911565,0.03569974225626739,0.2678682456786218,0.4106672147036913,0.3153489028794574,0.36318655750285567,4.931085876770721,0.24398165041513709,4.443122575940447,5.4190491776009955,4.76761817099258,5.094553582548863,0,Healthy,10.400082192477214
0.49374938680639546,0.03441520841773487,0.4249189699709257,0.5625798036418652,0.4706911971665131,0.5168075764462778,0.4229846083344514,0.027532166734187898,0.3679202748660756,0.4780489418028272,0.4045380566225455,0.4414311600463573,0.4167515776466574,0.030973687575961383,0.3548042024947346,0.47869895279858016,0.39599920697076324,0.4375039483225515,-0.19150543416203722,0.024197207136726996,-0.23989984843549123,-0.1431110198885832,-0.2077175629436443,-0.17529330538043014,4.220244794378409,0.17261350475875825,3.875017784860893,4.565471803895926,4.104593746190042,4.335895842566777,1,Water Stress,6.966656483167866
0.421374331435227,0.02029312542257551,0.38078808059007596,0.46196058228037806,0.40777793740210144,0.4349707254683526,0.357345962202592,0.01623450033806041,0.3248769615264712,0.3898149628787128,0.34646884697609154,0.3682230774290925,0.3828158193009192,0.01826381288031796,0.3462881935402833,0.4193434450615551,0.37057906467110613,0.39505257393073223,0.14966644603540682,0.03305845232975967,0.08354954137588748,0.21578335069492616,0.12751728297446785,0.1718156090963458,1.4181557343181193,0.25531349301541345,0.9075287482872924,1.9287827203489463,1.2470956939977922,1.5892157746384463,2,Nitrogen Deficiency,5.219666247862083
0.42012538624183615,0.09405245089569349,0.23202048445044918,0.6082302880332231,0.35711024414172154,0.48314052834195076,0.32579263661362856,0.0752419607165548,0.17530871518051896,0.4762765580467382,0.2753805229335368,0.3762047502937203,0.35607579286023616,0.08464720580612414,0.18678138124798788,0.5253702044724844,0.29936216497013296,0.41278942075033936,0.10664062175827332,0.04757859876549063,0.011483424227292066,0.20179781928925458,0.07476296058539461,0.13851828293115204,2.1571569943100415,0.3401760097327249,1.4768049748445917,2.8375090137754913,1.9292390677891158,2.3850749208309674,3,Disease,4.000375610612025
0.15014686480663256,0.0480863673873107,0.05397413003201115,0.24631959958125396,0.11792899865713438,0.18236473095613073,0.14076506449399617,0.03846909390984857,0.06382687667429904,0.2177032523136933,0.11499077157439763,0.1665393574135947,0.10702734701550783,0.043277730648579635,0.020471885718348556,0.1935828083126671,0.07803126748095947,0.13602342655005617,-0.4477160798327999,0.022078851346058897,-0.49187378252491765,-0.4035583771406821,-0.46250891023465934,-0.4329232494309404,0.7091441996349095,0.26238890059032116,0.18436639845426717,1.2339220008155518,0.5333436362393943,0.8849447630304247,4,Severe Stress,2.5599331427920164
0.8241938247492171,0.022403445391540256,0.7793869339661366,0.8690007155322976,0.8091835163368851,0.8392041331615491,0.6433000790536543,0.017922756313232206,0.6074545664271899,0.6791455916801187,0.6312918323237887,0.6553083257835198,0.7606639490990862,0.02016310085238623,0.7203377473943138,0.8009901508038586,0.7471546715279874,0.774173226670185,0.3142260796397284,0.0557926662424211,0.20264074715488617,0.4258114121245706,0.2768449932573062,0.35160716602215053,6.405184249209375,0.2642777128461209,5.876628823517134,6.9337396749016165,6.228118181602474,6.5822503168162765,0,Healthy,11.269191079849975
0.517847742677745,0.021810562519716914,0.4742266176383112,0.5614688677171789,0.5032346657895347,0.5324608195659554,0.43743714631772923,0.017448450015773533,0.4025402462861822,0.4723340463492763,0.42574668480716094,0.4491276078282975,0.4409607673318059,0.019629506267745223,0.4017017547963154,0.48021977986729636,0.4278089981324166,0.4541125365311952,-0.2069266914410425,0.029884129360405857,-0.26669495016185424,-0.1471584327202308,-0.22694905811251442,-0.18690432476957058,3.5528053218722264,0.1478634040339565,3.2570785138043132,3.8485321299401396,3.4537368411694755,3.6518738025749773,1,Water Stress,6.679458916480504
0.4328820981037067,0.039761233265026286,0.35335963157365413,0.5124045646337593,0.4062420718161391,0.4595221243912743,0.31451747005183534,0.03180898661202103,0.2508994968277933,0.3781354432758774,0.29320544902178125,0.3358294910818894,0.4069757987218848,0.03578510993852366,0.33540557884483746,0.4785460185989321,0.3829997750630739,0.4309518223806956,0.2927595767457394,0.03992782865812555,0.21290391942948828,0.3726152340619905,0.26600793154479524,0.3195112219466835,1.136895791771107,0.26660906528128936,0.6036776612085282,1.6701139223336856,0.958267718032643,1.3155238655095707,2,Nitrogen Deficiency,6.798004445680659
0.3956909482662597,0.10081369454587748,0.19406355917450477,0.5973183373580147,0.3281457729205218,0.4632361236119976,0.3315853272477015,0.080650955636702,0.17028341597429753,0.4928872385211055,0.2775491869711112,0.3856214675242918,0.3380944004953825,0.09073232509128973,0.15662975031280302,0.5195590506779619,0.27730374268421837,0.3988850583065466,0.29926678321134836,0.022887936359167034,0.2534909104930143,0.3450426559296824,0.28393186585070646,0.3146017005719903,3.9495863242935663,0.10919575066174182,3.7311948229700826,4.16797782561705,3.876425171350199,4.022747477236933,3,Disease,4.144207221278034
0.20327213221307694,0.03037804977640889,0.14251603266025917,0.26402823176589474,0.182918838862883,0.2236254255632709,0.18688835789045966,0.024302439821127113,0.13828347824820542,0.2354932375327139,0.17060572321030448,0.20317099257061483,0.17847451905865377,0.027340244798768,0.12379402946111778,0.23315500865618977,0.1601565550434792,0.19679248307382835,-0.06586374729580974,0.034841550519384104,-0.13554684833457795,0.00381935374295847,-0.08920758614379709,-0.042519908447822385,0.7817352558130464,0.39629486912081735,0.0,1.574324994054681,0.5162176935020988,1.047252818123994,4,Severe Stress,1.0882402211074615
0.8234062992244897,0.04620269714244982,0.73100090493959,0.9158116935093894,0.7924504921390483,0.8543621063099311,0.6812508054211055,0.03696215771395985,0.6073264899931858,0.7551751208490252,0.6564861597527524,0.7060154510894586,0.7402658057875229,0.04158242742820484,0.6571009509311132,0.8234306606439326,0.7124055794106257,0.7681260321644201,0.2736026225717181,0.056028074560450336,0.1615464734508174,0.38565877169261875,0.23606381261621634,0.3111414325272198,5.315846257568771,0.22651627806203664,4.862813701444698,5.768878813692845,5.164080351267207,5.467612163870336,0,Healthy,9.107311188940207
0.5388525492890043,0.04199339067245843,0.4548657679440874,0.6228393306339212,0.5107169775384571,0.5669881210395514,0.44337869778755173,0.033594712537966746,0.37618927271161823,0.5105681228634852,0.420870240387114,0.46588715518798945,0.4928609075656551,0.037794051605212584,0.41727280435522995,0.5684490107760802,0.46753889299016266,0.5181829221411475,-0.1262909963149927,0.02526270740509039,-0.17681641112517346,-0.07576558150481191,-0.14321701027640324,-0.10936498235358212,2.921324378011333,0.3147474894046266,2.29182939920208,3.550819356820586,2.7104435601102335,3.132205195912433,1,Water Stress,6.772581301664102
0.4269524663305363,0.034768335693441045,0.3574157949436542,0.49648913771741837,0.4036576814159308,0.4502472512451418,0.309659668335378,0.027814668554752838,0.2540303312258723,0.3652890054448837,0.2910238404036936,0.3282954962670624,0.4055203252996574,0.03129150212409694,0.3429373210514636,0.4681033295478513,0.38455501887651244,0.4264856317228024,0.07126299747716329,0.02988924297612708,0.011484511524909133,0.13104148342941746,0.05123720468315815,0.09128879027116843,1.7713950940416396,0.3612249703817535,1.0489451532781326,2.4938450348051466,1.5293743638858648,2.0134158241974145,2,Nitrogen Deficiency,6.113263137506664
0.452963470785938,0.11816473934011724,0.21663399210570353,0.6892929494661725,0.37379309542805944,0.5321338461438165,0.3287231638872527,0.0945317914720938,0.1396595809430651,0.5177867468314403,0.2653868636009499,0.3920594641735555,0.40113201590644987,0.10634826540610552,0.18843548509423882,0.6138285467186609,0.32987867808435917,0.47238535372854057,0.17184667387995314,0.0303253373080451,0.11119599926386295,0.23249734849604334,0.15152869788356294,0.19216464987634335,3.185901702869855,0.2970209993623877,2.5918597041450795,3.7799437015946307,2.986897633297055,3.384905772442655,3,Disease,4.312975160561737
0.2592251626235881,0.02220490241990038,0.21481535778378733,0.30363496746338886,0.24434787800225483,0.27410244724492133,0.20275908423723438,0.017763921935920305,0.16723124036539377,0.23828692810907498,0.19085725654016777,0.21466091193430098,0.21746567416201712,0.019984412177910343,0.17749684980619643,0.2574344985178378,0.2040761180028172,0.23085523032121705,-0.4345631696408251,0.026790316203501627,-0.48814380204782837,-0.3809825372338218,-0.45251268149717117,-0.416613657784479,0.9758568360628359,0.25593218456680533,0.46399246692922524,1.4877212051964466,0.8043822724030764,1.1473313997225956,4,Severe Stress,1.7414069881488299
0.8157766731765219,0.025011257237028496,0.7657541587024649,0.865799187650579,0.7990191308277128,0.832534215525331,0.6643358372016206,0.020009005789622798,0.624317825622375,0.7043538487808662,0.6509298033225733,0.6777418710806679,0.7466056388719965,0.02251013151332565,0.7015853758453452,0.7916259018986478,0.7315238507580684,0.7616874269859246,0.22926625709854181,0.026704768651532707,0.1758567197954764,0.2826757944016072,0.2113740621020149,0.24715845209506873,4.746142817762889,0.1110014280800629,4.5241399616027635,4.968145673923015,4.671771860949248,4.820513774576531,0,Healthy,10.945608060262561
0.5495706791432707,0.04604813841539776,0.4574744023124752,0.6416669559740662,0.5187184264049542,0.5804229318815872,0.47022355860962195,0.03683851073231821,0.39654653714498556,0.5439005800742583,0.44554175641896876,0.49490536080027514,0.4997348730927488,0.041443324573857986,0.4168482239450328,0.5826215222404647,0.47196784562826394,0.5275019005572337,-0.25761073727505585,0.028233648401470732,-0.3140780340779973,-0.20114344047211438,-0.27652728170404123,-0.23869419284607046,4.188340897938394,0.13357588581931837,3.9211891262997574,4.455492669577031,4.098845054439451,4.277836741437337,1,Water Stress,5.174374028792474
0.40856302841339726,0.03356597084850306,0.3414310867163911,0.4756949701104034,0.3860738279449002,0.4310522288818943,0.2807847767975688,0.02685277667880245,0.2270792234399639,0.3344903301551737,0.26279341642277115,0.29877613717236645,0.3450333204126591,0.030209373763652753,0.2846145728853536,0.40545206793996463,0.3247930399910118,0.36527360083430643,0.1593508584003096,0.057355000701116196,0.04464085699807721,0.274060859802542,0.12092300793056175,0.19777870887005744,1.7366056922949615,0.19484683149302517,1.3469120293089112,2.126299355281012,1.6060583151946346,1.8671530693952885,2,Nitrogen Deficiency,6.268087021720981
0.3583145718100784,0.11710870712539434,0.12409715755928974,0.5925319860608671,0.2798517380360642,0.4367774055840926,0.3331635270916673,0.09368696570031548,0.14578959569103633,0.5205374584922983,0.2703932600724559,0.3959337941108787,0.29277951348513515,0.10539783641285491,0.08198384065942532,0.503575186310845,0.22216296308852235,0.36339606388174794,0.12966864019241778,0.045564797512620006,0.038539045167177766,0.2207982352176578,0.09914022585896237,0.16019705452587318,3.973260245917694,0.36037548835600663,3.2525092692056807,4.694011222629707,3.7318086687191694,4.214711823116218,3,Disease,4.636849639084648
0.21280728514426503,0.029237898247735726,0.1543314886487936,0.27128308163973647,0.1932178933182821,0.23239667697024796,0.13421095359104332,0.023390318598188582,0.08743031639466615,0.1809915907874205,0.11853944013025697,0.14988246705182967,0.1633249720221992,0.026314108422962154,0.11069675517627489,0.2159531888681235,0.14569451937881456,0.18095542466558384,-0.2555767098715399,0.04818723050946586,-0.3519511708904716,-0.1592022488526082,-0.28786215431288203,-0.22329126543019778,0.7334914060368836,0.16055603563688453,0.4123793347631145,1.0546034773106525,0.6259188621601709,0.8410639499135962,4,Severe Stress,2.481551353314818
0.8439824092214541,0.025314493683421577,0.7933534218546109,0.8946113965882972,0.8270216984535617,0.8609431199893465,0.6695609493076204,0.020251594946737263,0.6290577594141459,0.710064139201095,0.6559923806933065,0.6831295179219344,0.781672703561959,0.02278304431507942,0.7361066149318001,0.8272387921921178,0.7664080638708557,0.7969373432530622,0.12817021473682552,0.04770503808904658,0.03276013855873236,0.22358029091491868,0.0962078392171643,0.16013259025648674,6.017806354675379,0.3514345868944331,5.314937180886513,6.720675528464245,5.782345181456109,6.253267527894649,0,Healthy,11.778456877896094
0.5524872042434469,0.020911611790905105,0.5106639806616367,0.5943104278252571,0.5384764243435405,0.5664979841433533,0.4788802618426294,0.016729289432724084,0.4454216829771812,0.5123388407080776,0.4676716379227043,0.4900888857625545,0.501475068617432,0.018820450611814594,0.4638341673938028,0.5391159698410611,0.4888653667075162,0.5140847705273477,-0.2508475707974718,0.057237947820279106,-0.36532346643803,-0.13637167515691356,-0.28919699583705877,-0.21249814575788478,3.7356944804024277,0.3068580253094684,3.121978429783491,4.349410531021364,3.530099603445084,3.9412893573597714,1,Water Stress,6.191283464443116
0.4323512728596576,0.03973535913809108,0.35288055458347545,0.5118219911358397,0.40572858223713654,0.4589739634821786,0.3610043159918753,0.03178828731047286,0.2974277413709296,0.42458089061282106,0.3397061634938585,0.38230246848989213,0.3655117273921713,0.03576182322428197,0.29398808094360734,0.43703537384073526,0.3415513058319024,0.3894721489524402,0.19766564106979714,0.05997654903082665,0.07771254300814384,0.31761873913145044,0.15748135321914328,0.237849928920451,1.1938644056541585,0.11446361165816682,0.9649371823378249,1.4227916289704923,1.1171737858431867,1.2705550254651303,2,Nitrogen Deficiency,7.442935460553294
0.4313815921445741,0.11271093367808087,0.20595972478841237,0.6568034595007358,0.3558652665802599,0.5068979177088883,0.35180689981432606,0.0901687469424647,0.17146940592939666,0.5321443936992555,0.2913938393628747,0.4122199602657774,0.4025503854851963,0.10143984031027278,0.19967070486465072,0.6054300661057419,0.3345856924773135,0.47051507849307905,0.27415069006745185,0.03616561286604132,0.2018194643353692,0.34648191579953447,0.24991972944720417,0.29838165068769956,3.564770968116547,0.19810994846897162,3.168551071178604,3.9609908650544905,3.4320373026423363,3.697504633590758,3,Disease,5.168983463908962
0.26541226954942654,0.023606271661118255,0.21819972622719003,0.31262481287166305,0.2495960675364773,0.2812284715623758,0.20588814712083453,0.018885017328894606,0.1681181124630453,0.24365818177862375,0.19323518551047514,0.21854110873119392,0.2579410955649852,0.02124564449500643,0.2154498065749723,0.30043238455499804,0.24370651375333088,0.2721756773766395,-0.11885743261169213,0.04177956391843398,-0.2024165604485601,-0.035298304774824166,-0.1468497404370429,-0.09086512478634136,0.8382509190869076,0.10172759814943648,0.6347957227880346,1.0417061153857805,0.7700934283267852,0.9064084098470301,4,Severe Stress,1.7140888257805948
0.7232923069742796,0.027126323926229823,0.66903965912182,0.7775449548267392,0.7051176699437056,0.7414669440048536,0.5674896557064583,0.021701059140983858,0.5240875374244905,0.610891773988426,0.5529499460819991,0.5820293653309174,0.6478846936342035,0.02441369153360684,0.5990573105669899,0.6967120767014172,0.6315275203066869,0.6642418669617202,0.21885180748277663,0.034930071665173604,0.14899166415242943,0.28871195081312384,0.19544865946711032,0.24225495549844295,6.086401620069586,0.16818088817894544,5.750039843711695,6.422763396427477,5.9737204249896925,6.19908281514948,0,Healthy,8.292783695073775
0.5405172890072066,0.04590000948715476,0.44871727003289713,0.6323173079815162,0.509764282650813,0.5712702953636003,0.4287632355858226,0.03672000758972381,0.355323220406375,0.5022032507652702,0.4041608305007076,0.45336564067093754,0.4792527069172398,0.04131000853843928,0.39663268984036126,0.5618727239941184,0.45157500119648547,0.5069304126379941,-0.19953616043349512,0.04076327140544872,-0.28106270324439253,-0.11800961762259768,-0.22684755227514575,-0.1722247685918445,3.7389806920192292,0.2437545632889193,3.2514715654413906,4.226489818597068,3.575665134615653,3.9022962494228053,1,Water Stress,4.564105164516089
0.4511871741439235,0.03823715278380334,0.3747128685763168,0.5276614797115302,0.42556828177877526,0.47680606650907176,0.36896697623787206,0.030589722227042673,0.3077875317837867,0.4301464206919574,0.34847186234575345,0.38946209012999067,0.4080846095331439,0.03441343750542301,0.3392577345222979,0.4769114845439899,0.3850276064045105,0.4311416126617773,0.1140586856357571,0.05059533046168513,0.01286802471238685,0.21524934655912736,0.08015981422642807,0.14795755704508615,1.1988227808969005,0.34389572161482806,0.5110313376672444,1.8866142241265567,0.9684126474149657,1.4292329143788354,2,Nitrogen Deficiency,6.795307690566236
0.541104739190987,0.11388183293699922,0.31334107331698857,0.7688684050649854,0.4648039111231975,0.6174055672587765,0.38364007885060386,0.09110546634959937,0.20142914615140511,0.5658510115498026,0.3225994163963723,0.4446807413048354,0.4958427481211645,0.1024936496432993,0.29085544883456593,0.7008300474077631,0.427172002860154,0.564513493382175,0.10364651653527233,0.02973929186305197,0.04416793280916839,0.16312510026137628,0.08372119098702752,0.12357184208351715,2.391555971367092,0.37811036343889204,1.635335244489308,3.147776698244876,2.1382220278630344,2.6448899148711495,3,Disease,3.650668475723902
0.28819848482499255,0.028546187058857687,0.23110611070727718,0.34529085894270795,0.26907253949555787,0.30732443015442723,0.22914596377862662,0.02283694964708615,0.1834720644844543,0.27481986307279893,0.2138452075150789,0.24444672004217433,0.24478523040572378,0.025691568352971917,0.19340209369977995,0.2961683671116676,0.22757187960923259,0.261998581202215,-0.3241886563801828,0.03229159859705146,-0.38877185357428573,-0.25960545918607986,-0.3458240274402073,-0.3025532853201583,0.2811366627593732,0.34090776934979905,0.0,0.9629522014589713,0.05272845729500783,0.5095448682237386,4,Severe Stress,2.18615480868556
0.7122615398312008,0.023656582800108426,0.664948374230984,0.7595747054314176,0.6964116293551281,0.7281114503072734,0.5470716319383141,0.018925266240086742,0.5092210994581406,0.5849221644184875,0.534391703557456,0.5597515603191722,0.6358483319396018,0.021290924520097586,0.5932664828994066,0.6784301809797969,0.6215834125111364,0.6501132513680672,0.2831001349932756,0.02724597398138721,0.22860818703050115,0.33759208295605,0.26484533242574615,0.301354937560805,6.148452022669581,0.30433535618949487,5.539781310290591,6.75712273504857,5.944547334022619,6.352356711316542,0,Healthy,8.725753390782508
0.5287745075500591,0.048887806257127395,0.43099889503580424,0.6265501200643139,0.4960196773577837,0.5615293377423344,0.4297508280029376,0.03911024500570192,0.35153033799153377,0.5079713180143415,0.4035469638491173,0.45595469215675793,0.461290823817135,0.043999025631414654,0.3732927725543057,0.5492888750799643,0.43181147664408714,0.49077017099018283,-0.18728612148327017,0.03934182586879699,-0.2659697732208641,-0.1086024697456762,-0.21364514481536415,-0.1609270981511762,2.713753846189488,0.34179776493254743,2.030158316324393,3.3973493760545828,2.484749343684681,2.9427583486942948,1,Water Stress,5.875566355390655
0.4065118799282229,0.046526193900452234,0.31345949212731844,0.4995642677291274,0.3753393300149199,0.4376844298415259,0.3353706859572115,0.03722095512036179,0.26092877571648787,0.4098125961979351,0.31043264602656906,0.3603087258878539,0.385012023501008,0.04187357451040701,0.30126487448019396,0.46875917252182203,0.35695672857903527,0.4130673184229807,0.1899454126782067,0.029123190877957297,0.1316990309222921,0.2481917944341213,0.1704328747899753,0.2094579505664381,1.751403342206657,0.16361345197246802,1.424176438261721,2.078630246151593,1.6417823293851035,1.8610243550282106,2,Nitrogen Deficiency,6.52745247212748
0.43220569396134095,0.10683153091463171,0.21854263213207753,0.6458687557906044,0.36062856824853773,0.5037828196741442,0.3311066930993446,0.08546522473170537,0.16017624363593386,0.5020371425627553,0.273844992529102,0.3883683936695872,0.37319735810367577,0.09614837782316854,0.1809006024573387,0.5654941137500129,0.30877794496215283,0.4376167712451987,0.26797226057334406,0.030992241421925443,0.20598777772949317,0.32995674341719494,0.247207458820654,0.28873706232603413,3.8000462467960223,0.34678429555410356,3.106477655687815,4.4936148379042296,3.567700768774773,4.032391724817272,3,Disease,4.559345634121907
0.24015898187246468,0.025040426232345904,0.19007812940777286,0.2902398343371565,0.22338189629679292,0.25693606744813646,0.18730395337169467,0.020032340985876723,0.14723927139994122,0.22736863534344812,0.17388228491115726,0.20072562183223208,0.22133959147574664,0.022536383609111314,0.17626682425752402,0.2664123586939693,0.20624021445764207,0.2364389684938512,-0.4522323430826659,0.04947494979776728,-0.5511822426782005,-0.35328244348713134,-0.48538055944717,-0.4190841267181618,0.6990874597412584,0.35883912326296863,0.0,1.4167657062671957,0.4586652471550694,0.9395096723274474,4,Severe Stress,1.4768275601997065
0.6691429111040323,0.026958412883479263,0.6152260853370738,0.7230597368709909,0.6510807744721012,0.6872050477359635,0.546023732492104,0.02156673030678341,0.5028902718785372,0.5891571931056708,0.5315740231865591,0.5604734417976489,0.6050304647564733,0.024262571595131337,0.5565053215662106,0.653555607946736,0.5887745417877353,0.6212863877252113,0.10709157581390093,0.035636239836220586,0.035819096141459755,0.1783640554863421,0.08321529512363313,0.13096785650416873,5.925914501329798,0.278342900555852,5.369228700218094,6.482600302441502,5.739424757957377,6.112404244702218,0,Healthy,9.987067435436678
0.5981678280322331,0.04152793296974529,0.5151119620927426,0.6812236939717237,0.5703441129425038,0.6259915431219625,0.4689661392362157,0.033222346375796234,0.40252144648462324,0.5354108319878081,0.44670716716443226,0.4912251113079992,0.5340430221245467,0.03737513967277076,0.45929274277900517,0.6087933014700881,0.5090016785437903,0.5590843657053031,-0.3590680742329801,0.04769744605297478,-0.4544629663389297,-0.2636731821270305,-0.3910253630884732,-0.327110785377487,3.8902891080951876,0.3973767981106565,3.0955355118738748,4.6850427043165,3.624046653361048,4.156531562829327,1,Water Stress,4.820985723635313
0.415616447407625,0.022569747487892918,0.37047695243183915,0.46075594238341083,0.4004947165907367,0.43073817822451327,0.3099092245820806,0.018055797990314336,0.2737976286014519,0.3460208205627093,0.29781183992856997,0.3220066092355912,0.3488199648062017,0.020312772739103625,0.30819441932799446,0.38944551028440894,0.33521040707100225,0.36242952254140115,0.21730164513862235,0.05576763498656473,0.10576637516549289,0.32883691511175184,0.179937329697624,0.2546659605796207,1.3783869170064091,0.15756019741562288,1.0632665221751634,1.693507311837655,1.2728215847379418,1.4839522492748765,2,Nitrogen Deficiency,5.808428905288801
0.3953312804453976,0.1080213904693417,0.17928849950671422,0.611374061384081,0.3229569488309387,0.46770561205985656,0.3181710034471451,0.08641711237547336,0.14533677869619838,0.49100522819809184,0.26027153815557796,0.37607046873871225,0.3298549062163908,0.09721925142240753,0.13541640337157573,0.5242934090612059,0.2647180077633777,0.39499180466940387,0.17099926116638747,0.02934848327641732,0.11230229461355283,0.2296962277192221,0.15133577737118786,0.19066274496158708,2.1388476854921867,0.26200357438135324,1.6148405367294802,2.662854834254893,1.9633052906566801,2.3143900803276933,3,Disease,5.700197718903645
0.23715792642849493,0.04982418083663503,0.13750956475522486,0.336806288101765,0.20377572526794946,0.2705401275890404,0.17302653244861577,0.039859344669308024,0.09330784310999972,0.2527452217872318,0.1463207715201794,0.19973229337705214,0.22361135109753685,0.044841762752971526,0.1339278255915938,0.3132948766034799,0.19356737005304592,0.2536553321420278,-0.23352110672433235,0.04647356759397514,-0.32646824191228263,-0.14057397153638207,-0.2646583970122957,-0.202383816436369,0.4594670024923005,0.2673350252110075,0.0,0.9941370529143154,0.28035253560092543,0.6385814693836755,4,Severe Stress,2.6074311225263416
0.7430411224567436,0.040700146724619975,0.6616408290075037,0.8244414159059835,0.7157720241512482,0.770310220762239,0.6401954264159329,0.03256011737969598,0.5750751916565409,0.7053156611753248,0.6183801477715365,0.6620107050603292,0.6492551867525288,0.036630132052157975,0.5759949226482128,0.7225154508568448,0.624712998277583,0.6737973752274746,0.11804270278023557,0.028037347546362258,0.061968007687511054,0.1741173978729601,0.09925767992417285,0.13682772563629828,5.686890447633729,0.2607483053419244,5.16539383694988,6.208387058317578,5.51218908305464,5.8615918122128186,0,Healthy,8.386705798586878
0.5175556404387278,0.047815334584383584,0.42192497126996065,0.613186309607495,0.48551936626719083,0.5495919146102648,0.43053568479970405,0.03825226766750687,0.35403114946469033,0.5070402201347178,0.40490666546247445,0.45616470413693366,0.4835270740422388,0.04303380112594523,0.39745947179034835,0.5695946762941293,0.45469442728785553,0.5123597207966222,-0.17315100133142616,0.02938568327421814,-0.23192236787986245,-0.11437963478298988,-0.19283940912515232,-0.1534625935377,3.195143048477964,0.21979477474279246,2.7555534989923793,3.634732597963549,3.0478805494002934,3.342405547555635,1,Water Stress,4.881040033326044
0.5488725253237563,0.03870757064008279,0.4714573840435907,0.6262876666039219,0.5229384529949008,0.5748065976526118,0.4733013496966472,0.030966056512066232,0.41136923667251474,0.5352334627207797,0.4525540918335628,0.4940486075597316,0.4952427514277032,0.03483681357607451,0.42556912427555416,0.5649163785798522,0.47190208633173325,0.5185834165236731,0.27810029037728856,0.023564977284640666,0.23097033580800724,0.3252302449465699,0.2623117555965793,0.2938888251579978,1.3399571302805597,0.32658112614904244,0.6867948779824748,1.9931193825786446,1.1211477757607013,1.5587664848004181,2,Nitrogen Deficiency,5.319283709088087
0.5152135260505057,0.07578675419465057,0.3636400176612046,0.6667870344398069,0.46443640074008985,0.5659906513609216,0.3657868588928808,0.06062940335572046,0.24452805218143991,0.4870456656043217,0.3251651586445481,0.40640855914121354,0.4518798748021749,0.06820807877518552,0.3154637172518039,0.5882960323525459,0.4061804620228006,0.4975792875815492,0.2564056175340772,0.03440545629886076,0.18759470493635566,0.32521653013179874,0.2333539618138405,0.2794572732543139,3.417489395485953,0.12629282402915157,3.16490374742765,3.6700750435442564,3.3328732033864217,3.5021055875854845,3,Disease,5.8423945575776575
0.21968440332822772,0.03547038283089493,0.14874363766643786,0.29062516899001756,0.19591924683152812,0.24344955982492733,0.17046777671306576,0.028376306264715948,0.11371516418363387,0.22722038924249766,0.15145565151570609,0.18947990191042544,0.20375162299704197,0.03192334454780544,0.1399049339014311,0.26759831209265283,0.18236298215001231,0.22514026384407163,-0.3472378446709882,0.056775678928576684,-0.4607892025281416,-0.23368648681383486,-0.3852775495531346,-0.30919813978884186,0.5175852136594268,0.2490890448717491,0.01940712391592858,1.015763303402925,0.35069555359535487,0.6844748737234987,4,Severe Stress,3.1827476326112882
0.8202849915490191,0.0314186988042974,0.7574475939404244,0.8831223891576139,0.7992344633501398,0.8413355197478984,0.617864633027763,0.025134959043437922,0.5675947149408871,0.6681345511146388,0.6010242104686595,0.6347050555868664,0.7573034749035887,0.028276828923867663,0.7007498170558534,0.8138571327513241,0.7383579995245974,0.7762489502825801,0.16255315430720074,0.05511897281780277,0.0523152086715952,0.27279109994280626,0.12562344251927288,0.1994828660951286,6.791785643931749,0.3604170070322351,6.070951629867278,7.512619657996219,6.550306249220151,7.033265038643346,0,Healthy,11.223701600470484
0.5685045654460592,0.040848532667073854,0.4868075001119115,0.6502016307802069,0.5411360485591197,0.5958730823329987,0.44510167023336356,0.032678826133659085,0.3797440179660454,0.5104593225006817,0.423206856723812,0.46699648374291514,0.49206557980064386,0.03676367940036647,0.4185382209999109,0.5655929386013768,0.4674339146023983,0.5166972449988894,-0.3085962582705878,0.03384398906151142,-0.37628423639361064,-0.24090828014756493,-0.33127173094180046,-0.2859207855993751,2.6618385661025044,0.3926830602579745,1.8764724455865553,3.4472046866184534,2.3987409157296615,2.924936216475347,1,Water Stress,6.10243019336333
0.5233720845451542,0.03818758813252933,0.44699690828009553,0.5997472608102128,0.4977864004963595,0.5489577685939488,0.4609733866874628,0.030550070506023465,0.3998732456754159,0.5220735276995098,0.44050483944842705,0.48144193392649853,0.4702585912197749,0.0343688293192764,0.4015209325812221,0.5389962498583277,0.44723147557585974,0.4932857068636901,0.03975740182255453,0.050592392036119815,-0.0614273822496851,0.14094218589479415,0.0058604991583542515,0.0736543044867548,1.6620144822726226,0.15245158817812376,1.357111305916375,1.9669176586288701,1.5598719181932796,1.7641570463519656,2,Nitrogen Deficiency,6.256415191158606
0.42973260555446263,0.06810997734928936,0.2935126508558839,0.5659525602530413,0.3840989207304388,0.4753662903784865,0.3006033153821195,0.05448798187943149,0.1916273516232565,0.40957927914098247,0.2640963675229004,0.3371102632413386,0.3583080594159856,0.06129897961436043,0.23571010018726474,0.48090601864470645,0.3172377430743641,0.3993783757576071,0.12927479843244982,0.05852460446356694,0.012225589505315937,0.2463240073595837,0.09006331344185997,0.16848628342303967,2.735068844583063,0.2648588607685051,2.2053511230460527,3.2647865661200735,2.5576134078681645,2.9125242812979617,3,Disease,5.91455540288305
0.19784961809942375,0.03922478944070619,0.11940003921801137,0.27629919698083616,0.1715690091741506,0.2241302270246969,0.15223086334283004,0.031379831552564956,0.08947120023770012,0.21499052644795996,0.13120637620261152,0.17325535048304855,0.154404537345186,0.03530231049663557,0.08379991635191486,0.22500915833845714,0.13075198931244017,0.17805708537793183,-0.3440919334573702,0.02864152730038398,-0.4013749880581382,-0.2868088788566022,-0.3632817567486275,-0.3249021101661129,0.6049134902721953,0.2858763864693489,0.03316071733349757,1.176666263210893,0.41337631133773156,0.7964506692066591,4,Severe Stress,2.4304424032759373
0.6804049706257297,0.04984598951509302,0.5807129915955437,0.7800969496559157,0.6470081576506174,0.713801783600842,0.5403040188775158,0.039876791612074414,0.46055043565336695,0.6200576021016646,0.5135865684974259,0.5670214692576057,0.5858543012934853,0.044861390563583715,0.49613152016631784,0.6755770824206527,0.5557971696158842,0.6159114329710863,0.11840488813320046,0.022311222439854665,0.07378244325349113,0.16302733301290978,0.10345636909849784,0.1333534071679031,6.342284758205319,0.308510568657566,5.725263620890187,6.959305895520451,6.13558267720475,6.548986839205888,0,Healthy,11.934715701053655
0.48587701563238883,0.040764840250823955,0.40434733513074095,0.5674066961340367,0.45856457266433676,0.5131894586004409,0.3690291272626706,0.03261187220065916,0.3038053828613523,0.43425287166398896,0.34717917288822897,0.39087908163711227,0.41335206272978875,0.03668835622574156,0.3399753502783056,0.4867287751812719,0.3887708640585419,0.4379332614010356,-0.35732518939384117,0.02249167192520251,-0.4023085332442462,-0.31234184554343614,-0.37239460958372683,-0.3422557692039555,2.742769878844858,0.2528266384449369,2.237116601954984,3.2484231557347316,2.57337603108675,2.9121637266029654,1,Water Stress,6.991742134632442
0.5220955404259029,0.032782501516711145,0.4565305373924806,0.5876605434593252,0.5001312644097065,0.5440598164420993,0.4300660159698862,0.02622600121336892,0.3776140135431484,0.482518018396624,0.412494595156929,0.4476374367828434,0.47150847421801173,0.02950425136504003,0.41249997148793166,0.5305169769480917,0.4517406258034349,0.4912763226325886,0.18456583146930325,0.02522841506960798,0.1341090013300873,0.2350226616085192,0.1676627933726659,0.2014688695659406,1.1062536207866116,0.3659812645721401,0.37429109164233143,1.8382161499308918,0.8610461735232777,1.3514610680499455,2,Nitrogen Deficiency,6.124461622053307
0.388924502364153,0.10615829361848039,0.1766079151271922,0.6012410896011138,0.3177984456397711,0.46005055908853487,0.34389339144800984,0.08492663489478432,0.1740401216584412,0.5137466612375785,0.28699254606850433,0.40079423682751536,0.36404891496142183,0.09554246425663236,0.1729639864481571,0.5551338434746865,0.30003546390947816,0.4280623660133655,0.17355187017545792,0.020441250577145888,0.13266936902116616,0.21443437132974968,0.1598562322887702,0.18724750806214566,2.8282595050578543,0.22484619945392847,2.3785671061499976,3.277951903965711,2.677612551423722,2.9789064586919864,3,Disease,4.703360379088309
0.1234546098281502,0.026456056160517126,0.07054249750711594,0.17636672214918445,0.10572905220060372,0.14118016745569667,0.06247465843542006,0.021164844928413702,0.020144968578592652,0.10480434829224747,0.04829421233338287,0.07665510453745723,0.11322775673249068,0.023810450544465414,0.06560685564355985,0.1608486578214215,0.09727475486769885,0.1291807585972825,-0.3700933956274829,0.02048483098575573,-0.41106305759899436,-0.3291237336559714,-0.3838182323879392,-0.35636855886702656,0.808231858497708,0.17236043727986244,0.46351098393798307,1.152952733057433,0.6927503655202001,0.9237133514752158,4,Severe Stress,3.1469222608021186
0.8103074223765979,0.03363132003679883,0.7430447823030003,0.8775700624501955,0.7877744379519427,0.8328404068012532,0.6092195577690287,0.026905056029439062,0.5554094457101506,0.6630296698279068,0.5911931702293045,0.6272459453087529,0.7321542494773596,0.030268188033118947,0.6716178734111218,0.7926906255435975,0.71187456349517,0.7524339354595493,0.3878729932963101,0.05377428330958463,0.28032442667714086,0.4954215599154793,0.3518442234788884,0.4239017631137318,5.463562131779087,0.12942477423527338,5.20471258330854,5.722411680249634,5.376847533041453,5.55027673051672,0,Healthy,9.952964548087113
0.47250729970409766,0.03183428835710106,0.40883872298989554,0.5361758764182998,0.45117832650483997,0.49383627290335536,0.37560765270015484,0.025467430685680848,0.3246727913287931,0.42654251407151655,0.3585444741407487,0.392670831259561,0.4178098668424341,0.028650859521390955,0.3605081477996522,0.475111585885216,0.3986137909631022,0.437005942721766,-0.302597221932982,0.03837787073623947,-0.37935296340546093,-0.22584148046050306,-0.32831039532626244,-0.27688404853970155,3.974714154775599,0.3355049631511171,3.303704228473365,4.645724081077834,3.7499258294643507,4.1995024800868475,1,Water Stress,6.730211722350586
0.5433002029755893,0.027640118661381538,0.48801996565282624,0.5985804402983524,0.5247813234724638,0.5618190824787149,0.45345363298912567,0.022112094929105233,0.4092294431309152,0.49767782284733614,0.4386385293866252,0.46826873659162616,0.48522637012135394,0.024876106795243384,0.4354741565308672,0.5349785837118407,0.46855937856854085,0.501893361674167,0.23607101587658852,0.053634863177036904,0.1288012895225147,0.34334074223066235,0.2001356575479738,0.27200637420520324,1.1154068957480128,0.1115279046886975,0.8923510863706178,1.3384627051254077,1.0406831996065855,1.19013059188944,2,Nitrogen Deficiency,7.254404980338559
0.44229549292494685,0.0968360150856037,0.24862346275373945,0.6359675230961542,0.37741536281759236,0.5071756230323013,0.39334816841061115,0.07746881206848297,0.23841054427364522,0.548285792547577,0.34144406432472757,0.44525227249649474,0.4062661245624846,0.08715241357704333,0.23196129740839797,0.5805709517165712,0.3478740074658656,0.46465824165910363,0.22744029536165608,0.0226660816224276,0.18210813211680088,0.2727724586065113,0.2122540206746296,0.24262657004868257,3.3187078444115654,0.2555224065835613,2.807663031244443,3.829752657578688,3.147507832000579,3.4899078568225517,3,Disease,3.8754225020426043
0.2527380783698674,0.04148970164188047,0.16975867508610645,0.33571748165362836,0.22493997826980747,0.2805361784699273,0.15635775275613234,0.033191761313504375,0.08997423012912359,0.2227412753831411,0.13411927267608442,0.17859623283618026,0.20255179149562885,0.03734073147769242,0.127870328540244,0.2772332544510137,0.17753350140557492,0.2275700815856828,-0.24388903959366276,0.022883373439946935,-0.2896557864735566,-0.19812229271376888,-0.2592208997984272,-0.2285571793888983,0.7441822233666826,0.12137701832957759,0.5014281867075274,0.9869362600258378,0.6628596210858656,0.8255048256474996,4,Severe Stress,1.0266386455167524
0.8413002796598961,0.04323960593543546,0.7548210677890251,0.927779491530767,0.8123297436831544,0.8702708156366378,0.6526937818566825,0.03459168474834837,0.5835104123599857,0.7218771513533793,0.6295173530752891,0.6758702106380758,0.7481524454786574,0.038915645341891916,0.6703211547948736,0.8259837361624413,0.7220789630995899,0.774225927857725,0.3212525078377021,0.046454824442816574,0.22834285895206896,0.41416215672333523,0.290127775461015,0.3523772402143892,5.059754225506192,0.1555586703602404,4.748636884785712,5.370871566226673,4.955529916364831,5.163978534647553,0,Healthy,8.696437341336338
0.4647593474570096,0.02246515002429282,0.41982904740842397,0.5096896475055952,0.44970769694073337,0.4798109979732858,0.3483121207981081,0.017972120019434257,0.31236788075923955,0.3842563608369766,0.3362708003850871,0.36035344121112906,0.38954011037316344,0.02021863502186354,0.34910284032943634,0.42997738041689054,0.37599362490851485,0.40308659583781203,-0.20190918408959854,0.05871440139380121,-0.31933798687720094,-0.08448038130199612,-0.24124783302344535,-0.16257053515575173,4.028745324443472,0.1886334332432261,3.65147845795702,4.406012190929924,3.9023609241705106,4.155129724716433,1,Water Stress,6.423057869595334
0.4936995353281396,0.04323901341913364,0.4072215084898723,0.5801775621664069,0.4647293963373201,0.5226696743189592,0.3570982700784523,0.03459121073530691,0.2879158486078385,0.4262806915490661,0.3339221588857967,0.3802743812711079,0.4512303598776577,0.038915112077220274,0.3734001357232172,0.5290605840320982,0.4251572347859201,0.4773034849693953,0.11458189189586876,0.04575617014164522,0.023069551612578315,0.2060942321791592,0.08392525790096646,0.14523852589077108,1.005687262195555,0.2590906399747475,0.48750598224606,1.52386854214505,0.8320965334124741,1.179277990978636,2,Nitrogen Deficiency,5.10487805857909
0.5436977555188768,0.0949453594924348,0.3538070365340072,0.7335884745037464,0.48008436465894544,0.6073111463788081,0.48295523735098655,0.07595628759394785,0.33104266216309086,0.6348678125388822,0.4320645246630415,0.5338459500389316,0.49544087534516845,0.08545082354319132,0.3245392282587858,0.6663425224315511,0.43818882357123023,0.5526929271191067,0.25974283833091494,0.049922927177181275,0.1598969839765524,0.3595886926852775,0.2262944771222035,0.2931911995396264,2.5856440734019293,0.3435309364270413,1.8985822005478465,3.272705946256012,2.3554783459958117,2.8158098008080468,3,Disease,5.141196518328757
0.143057234345916,0.03296230648832588,0.07713262136926423,0.20898184732256775,0.12097248899873765,0.16514197969309435,0.08690734866111799,0.02636984519066071,0.03416765827979657,0.1396470390424394,0.06923955238337531,0.10457514493886066,0.12108153234157519,0.029666075839493294,0.0617493806625886,0.1804136840205618,0.10120526152911469,0.1409578031540357,-0.3308662470027508,0.03757619958777808,-0.40601864617830696,-0.25571384782719464,-0.3560423007265621,-0.3056901932789395,0.9424669122608398,0.2838818747483577,0.3747031627641244,1.5102306617575552,0.7522660561794401,1.1326677683422395,4,Severe Stress,3.074766843038357
0.698138542366501,0.028577203677174805,0.6409841350121513,0.7552929497208506,0.6789918159027939,0.717285268830208,0.5972033239141277,0.022861762941739847,0.551479798030648,0.6429268497976074,0.581885942743162,0.6125207050850934,0.6370733368891632,0.025719483309457326,0.5856343702702486,0.6885123035080779,0.6198412830718268,0.6543053907064996,0.13645041289027543,0.05263787755874469,0.031174657772786052,0.2417261680077648,0.10118303492591649,0.17171779085463437,4.592411469579812,0.35841099890903083,3.8755894717617503,5.309233467397873,4.352276100310761,4.832546838848862,0,Healthy,11.386057354761112
0.5878389800459332,0.041854720314848395,0.5041295394162364,0.6715484206756299,0.5597963174349847,0.6158816426568816,0.46632513376416057,0.03348377625187872,0.3993575812604031,0.533292686267918,0.44389100367540185,0.4887592638529193,0.5495749952147436,0.03766924828336356,0.47423649864801654,0.6249134917814707,0.52433659886489,0.5748133915645972,-0.32432769394799155,0.05105789785998898,-0.4264434896679695,-0.22221189822801357,-0.35853648551418416,-0.29011890238179894,4.010083857492557,0.2968485513043215,3.4163867548839137,4.6037809601012,3.8111953281186612,4.208972386866452,1,Water Stress,4.943571923674267
0.4817540378345408,0.023951863203636858,0.4338503114272671,0.5296577642418145,0.4657062894881041,0.4978017861809775,0.3397206038473338,0.019161490562909486,0.3013976227215148,0.3780435849731528,0.32688240517018446,0.3525588025244832,0.41346752299485295,0.021556676883273174,0.3703541692283066,0.4565808767613993,0.39902454948305993,0.427910496506646,0.29540092185735245,0.049039196399411816,0.19732252905852882,0.3934793146561761,0.26254466026974654,0.32825718344495836,1.737388066497119,0.34533559895708354,1.046716868582952,2.428059264411286,1.5060132151958732,1.968762917798365,2,Nitrogen Deficiency,5.53377841577668
0.4511705385903658,0.09050163281497679,0.2701672729604122,0.6321738042203194,0.39053444460433134,0.5118066325764002,0.3651601514214775,0.07240130625198143,0.22035753891751464,0.5099627639254404,0.31665127623264994,0.4136690266103051,0.4114743461588556,0.08145146953347912,0.24857140709189735,0.5743772852258138,0.35690186157142456,0.4660468307462866,0.26814060560223996,0.03190193805275282,0.20433672949673432,0.3319444817077456,0.24676630710689557,0.28951490409758435,3.465603089532501,0.26950659785770487,2.9265898938170913,4.004616285247911,3.2850336689678388,3.6461725100971636,3,Disease,5.222213255125227
0.2771981248549454,0.0202799485948128,0.23663822766531978,0.317758022044571,0.2636105592964208,0.29078569041346997,0.18776566337941364,0.01622395887585024,0.15531774562771317,0.2202135811311141,0.17689561093259398,0.1986357158262333,0.24717176083463824,0.01825195373533152,0.2106678533639752,0.2836756683053013,0.23494295183196612,0.25940056983731036,-0.18185432301037596,0.02986715458086492,-0.2415886321721058,-0.12212001384864613,-0.20186531657955545,-0.16184332944119648,0.8088972296345265,0.3179385145339015,0.17302020056672351,1.4447742587023296,0.5958784248968125,1.0219160343722404,4,Severe Stress,3.1819818929686
0.6698356199174432,0.04199213888089025,0.5858513421556627,0.7538198976792237,0.6417008868672468,0.6979703529676397,0.5062720593968445,0.0335937111047122,0.4390846371874201,0.5734594816062689,0.48376427295668734,0.5287798458370017,0.6061571548838361,0.03779292499280122,0.5305713048982337,0.6817430048694386,0.5808358951386593,0.631478414629013,0.2204482947583865,0.04463941801040716,0.1311694587375722,0.30972713077920083,0.1905398846914137,0.2503567048253593,6.400212906097479,0.15640742038462485,6.0873980653282285,6.713027746866729,6.29541993443978,6.505005877755178,0,Healthy,9.421538274742957
0.5675687676728096,0.04237201348193696,0.48282474070893566,0.6523127946366836,0.5391795186399119,0.5959580167057074,0.48015409014105714,0.03389761078554957,0.412358868569958,0.5479493117121563,0.45744269091473894,0.5028654893673754,0.482930572201943,0.03813481213374327,0.4066609479344565,0.5592001964694295,0.457380248072335,0.508480896331551,-0.23373204576039502,0.028099222406609496,-0.28993049057361403,-0.17753360094717602,-0.25255852477282337,-0.21490556674796665,2.5104592270858257,0.38742204403581415,1.7356151390141974,3.2853033151574538,2.25088645758183,2.7700319965898212,1,Water Stress,5.419851878255211
0.4490397424507119,0.03104928591520545,0.386941170620301,0.5111383142811228,0.42823672088752424,0.4698427640138995,0.3968968701433896,0.02483942873216436,0.3472180126790609,0.4465757276077183,0.3802544528928395,0.4135392873939397,0.43391582846327553,0.027944357323684905,0.3780271138159057,0.48980454311064536,0.41519310905640666,0.4526385478701444,0.0446664150997334,0.0379444252381817,-0.031222435376629998,0.1205552655760968,0.019243650190151663,0.07008918000931515,1.105604215490215,0.31662128146082114,0.47236165256857277,1.7388467784118573,0.8934679569114649,1.317740474068965,2,Nitrogen Deficiency,7.215489451162686
0.46860886683735686,0.09717536024759044,0.274258146342176,0.6629595873325378,0.40350137547147125,0.5337163582032425,0.39444890811956623,0.07774028819807235,0.23896833172342152,0.549929484515711,0.34236291502685773,0.44653490121227474,0.39194107596987793,0.0874578242228314,0.21702542752421514,0.5668567244155407,0.33334433374058087,0.450537818199175,0.17830513963556588,0.034219720417654295,0.10986569880025729,0.24674458047087447,0.1553779269557375,0.20123235231539427,2.8252436816972475,0.3382591993831253,2.1487252829309966,3.5017620804634984,2.5986100181105534,3.0518773452839416,3,Disease,3.73247659955783
0.2258764080507103,0.036844537638785715,0.15218733277313887,0.2995654833282817,0.20119056783272388,0.2505622482686967,0.13718648588886506,0.029475630111028574,0.0782352256668079,0.19613774611092222,0.11743781371447591,0.1569351580632542,0.20808779449132714,0.03316008387490715,0.14176762674151283,0.27440796224114145,0.18587053829513936,0.23030505068751492,-0.2595135550569381,0.04242640377664683,-0.3443663626102318,-0.17466074750364446,-0.2879392455872915,-0.23108786452658475,0.7138604207241819,0.2810462999789365,0.1517678207663089,1.2759530206820549,0.5255593997382944,0.9021614417100694,4,Severe Stress,2.4882294618979968
0.810997799936154,0.021756527877319378,0.7674847441815152,0.8545108556907927,0.7964209262583499,0.825574673613958,0.6486238081752685,0.017405222301855504,0.6138133635715576,0.6834342527789795,0.6369623092330253,0.6602853071175118,0.7045215166905985,0.01958087508958744,0.6653597665114236,0.7436832668697734,0.6914023303805749,0.7176407030006221,0.18094621603846434,0.033369532747842434,0.11420715054277947,0.2476852815341492,0.1585886290974099,0.20330380297951878,6.475148230540186,0.3354690931334403,5.804210044273305,7.146086416807067,6.250383938140781,6.699912522939591,0,Healthy,10.830723738963663
0.5682922447008609,0.033020580985216264,0.5022510827304284,0.6343334066712935,0.546168455440766,0.5904160339609559,0.4193790484313171,0.026416464788173014,0.3665461188549711,0.4722119780076631,0.4016800170232412,0.43707807983939306,0.5011545854473335,0.02971852288669464,0.4417175396739442,0.5605916312207228,0.4812431751132481,0.5210659957814189,-0.24481928306751718,0.02354401718718469,-0.2919073174418866,-0.19773124869314782,-0.2605937745829309,-0.22904479155210344,3.380397995910981,0.1661835858133634,3.0480308242842544,3.712765167537708,3.269054993416028,3.4917409984059344,1,Water Stress,5.995563235159347
0.5103494671358785,0.03908532094124698,0.4321788252533845,0.5885201090183725,0.484162302105243,0.5365366321665139,0.422536093662222,0.03126825675299759,0.3599995801562268,0.4850726071682172,0.4015863616377136,0.4434858256867304,0.454589403619935,0.03517678884712228,0.38423582592569044,0.5249429813141796,0.43102095509236305,0.47815785214750695,0.2995042534178849,0.05142606472320928,0.19665212397146634,0.4023563828643034,0.2650487900533347,0.3339597167824351,1.7331133313435578,0.13550085727701622,1.4621116167895254,2.0041150458975903,1.6423277569679569,1.8238989057191588,2,Nitrogen Deficiency,6.024762224240721
0.5179604571271235,0.0817341264991373,0.35449220412884885,0.6814287101253981,0.46319859237270145,0.5727223218815455,0.4231453017879186,0.06538730119930984,0.29237069938929894,0.5539199041865382,0.379335809984381,0.4669547935914562,0.4472329866024295,0.07356071384922358,0.30011155890398233,0.5943544143008767,0.3979473083234497,0.4965186648814093,0.1767665903866088,0.03338045154967728,0.11000568728725424,0.24352749348596336,0.15440168784832503,0.19913149292489257,3.143744542454373,0.10785901255961944,2.928026517335134,3.359462567573612,3.071479004039428,3.2160100808693177,3,Disease,3.560479409728388
0.2697054678616392,0.027778902765973213,0.21414766232969276,0.32526327339358563,0.25109360300843714,0.2883173327148412,0.19563693164818866,0.02222312221277857,0.15119068722263151,0.2400831760737458,0.18074743976562702,0.2105264235307503,0.2691756757823957,0.025001012489375894,0.21917365080364393,0.3191777007611475,0.25242499741451385,0.28592635415027756,-0.3634645950135938,0.0371862725095574,-0.43783714003270857,-0.289092049994479,-0.38837939759499723,-0.33854979243219036,0.6144630129910524,0.3618190751453806,0.0,1.3381011632818136,0.37204423264364744,0.8568817933384574,4,Severe Stress,2.852253846941979
0.6872202835692555,0.02241804541271374,0.642384192743828,0.732056374394683,0.6722001931427373,0.7022403739957737,0.5480731140639399,0.017934436330170993,0.5122042414035979,0.5839419867242819,0.5360570417227253,0.5600891864051545,0.5965070535572865,0.020176240871442364,0.5561545718144018,0.6368595353001713,0.5829889721734202,0.6100251349411528,0.3407929929387131,0.049117572278950604,0.2425578483808119,0.43902813749661435,0.3078842195118162,0.37370176636561003,5.374560660213678,0.24893834570658996,4.876683968800498,5.872437351626858,5.207771968590263,5.541349351837093,0,Healthy,9.747402810460718
0.5594262342978595,0.04254125258087137,0.4743437291361168,0.6445087394596023,0.5309235950686757,0.5879288735270434,0.45856350238605176,0.0340330020646971,0.3904974982566576,0.5266295065154459,0.4357613910027047,0.4813656137693988,0.4816048558047347,0.038287127322784234,0.4050306011591662,0.5581791104503032,0.45595248049846926,0.5072572311110002,-0.17034613030266707,0.04627820625068558,-0.26290254280403824,-0.07778971780129591,-0.2013525284906264,-0.13933973211470774,2.817816335338707,0.3869843863250374,2.043847562688632,3.591785107988782,2.558536796500932,3.0770958741764822,1,Water Stress,4.672395040891053
0.4085582081726882,0.027486385995485182,0.3535854361817178,0.46353098016365857,0.3901423295557131,0.42697408678966325,0.30154444644535056,0.021989108796388147,0.25756622885257424,0.34552266403812687,0.28681174355177047,0.31627714933893064,0.3920776621866816,0.024737747395936666,0.34260216739480825,0.44155315697855496,0.37550337143140405,0.40865195294195916,0.08465612240796004,0.030877989045145236,0.02290014431766957,0.1464121004982505,0.06396786974771274,0.10534437506820735,1.061705683735906,0.3278194787253892,0.40606672628512763,1.7173446411866844,0.8420666329898953,1.2813447344819169,2,Nitrogen Deficiency,6.12434960612635
0.5053421113910362,0.11438624720066465,0.27656961698970695,0.7341146057923655,0.4287033257665909,0.5819808970154816,0.3576350491311573,0.09150899776053173,0.17461705361009383,0.5406530446522207,0.296324020631601,0.41894607763071356,0.4285670924592539,0.10294762248059819,0.22267184749805752,0.6344623374204503,0.35959218539725313,0.49754199952125466,0.11307323151287706,0.025569814844703807,0.06193360182346944,0.16421286120228468,0.0959414555669255,0.1302050074588286,2.975142387346769,0.25972620468256513,2.4556899779816384,3.4945947967118993,2.8011258302094504,3.1491589444840873,3,Disease,4.527739006501767
0.1825217987265917,0.03680504550385526,0.10891170771888117,0.25613188973430223,0.15786241823900865,0.20718117921417473,0.16239640759883228,0.029444036403084208,0.10350833479266386,0.2212844804050007,0.14266890320876585,0.1821239119888987,0.19207328490674552,0.033124540953469735,0.12582420299980607,0.258322366813685,0.1698798424679208,0.21426672734557026,-0.050083327156363766,0.05747289848132367,-0.1650291241190111,0.06486246980628357,-0.08859016913885062,-0.011576485173876903,0.2174587174203916,0.11567736378580713,0.0,0.44881344499200587,0.13995488368390083,0.2949625511568824,4,Severe Stress,1.921345301963155
0.7020315581924103,0.025942928982792206,0.6501457002268258,0.7539174161579947,0.6846497957739395,0.719413320610881,0.537278252798353,0.020754343186233766,0.49576956642588543,0.5787869391708205,0.5233728428635763,0.5511836627331296,0.6410788784616137,0.023348636084512986,0.5943816062925877,0.6877761506306397,0.62543529228499,0.6567224646382375,0.31924628949421896,0.04261321018286439,0.23401986912849018,0.40447270985994777,0.29069543867169984,0.3477971403167381,6.94389127149174,0.23917974600650088,6.465531779478738,7.422250763504742,6.783640841667385,7.104141701316095,0,Healthy,11.888021318526148
0.54127909090447,0.027528999840208943,0.4862210912240521,0.5963370905848879,0.52283466101153,0.5597235207974101,0.3981479555970695,0.022023199872167155,0.3541015558527352,0.44219435534140383,0.3833924116827175,0.4129034995114215,0.47067019761109713,0.02477609985618805,0.421117997898721,0.5202223973234732,0.4540702107074511,0.48727018451474313,-0.29514808837395434,0.05402464231364551,-0.40319737300124536,-0.18709880374666332,-0.33134459872409683,-0.25895157802381186,2.7281915697758667,0.2683668364847575,2.1914578968063516,3.264925242745382,2.5483857893310793,2.907997350220654,1,Water Stress,5.808477278435916
0.41721533078038264,0.036306146520279386,0.34460303773982387,0.4898276238209414,0.39289021261179546,0.4415404489489698,0.2905391008143063,0.02904491721622351,0.23244926638185925,0.3486289352467533,0.27107900627943654,0.309999195349176,0.38796390353613047,0.03267553186825145,0.32261283979962757,0.4533149672726334,0.366071297184402,0.40985650988785893,0.25804190800483046,0.023269013829871128,0.2115038803450882,0.3045799356645727,0.2424516687388168,0.2736321472708441,1.5228143032084838,0.23749019245859695,1.04783391829129,1.9977946881256776,1.3636958742612237,1.6819327321557438,2,Nitrogen Deficiency,6.211740717825117
0.3831549080326551,0.08470593249507051,0.2137430430425141,0.5525667730227961,0.3264019332609579,0.43990788280435233,0.32342616015903497,0.0677647459960564,0.18789666816692216,0.45895565215114775,0.2780237803416772,0.36882853997639276,0.34257715088942603,0.07623533924556346,0.19010647239829911,0.4950478293805529,0.29149947359489853,0.39365482818395353,0.28913962940005644,0.04603893868603816,0.19706175202798012,0.38121750677213273,0.25829354048041087,0.319985718319702,3.699950742961324,0.2636295608220717,3.1726916213171803,4.227209864605467,3.523318937210536,3.8765825487121117,3,Disease,3.655682764704714
0.2122504767786597,0.026040913464079232,0.16016864985050125,0.26433230370681815,0.19480306475772663,0.2296978887995928,0.12499603917835461,0.020832730771263387,0.08333057763582784,0.16666150072088137,0.11103810956160814,0.13895396879510108,0.20820212106383573,0.02343682211767131,0.1613284768284931,0.25507576529917836,0.19249945024499596,0.2239047918826755,-0.09679819138358026,0.030344833395521548,-0.15748785817462335,-0.03610852459253716,-0.1171292297585797,-0.07646715300858081,0.5673919020775664,0.1494119060296888,0.2685680900181888,0.866215714136944,0.4672859250376749,0.667497879117458,4,Severe Stress,1.7264731427172948
0.801350301137727,0.04611735275138021,0.7091155956349666,0.8935850066404873,0.7704516747943022,0.8322489274811518,0.6788632487253857,0.03689388220110417,0.6050754843231774,0.7526510131275941,0.6541443476506459,0.7035821498001256,0.7439901823210461,0.041505617476242186,0.6609789473685617,0.8270014172735305,0.7161814186119638,0.7717989460301283,0.25581575785118127,0.02955184845526157,0.19671206094065813,0.3149194547617044,0.23601601938615602,0.2756154963162065,4.614643822452138,0.23537180325429646,4.143900215943544,5.085387428960731,4.456944714271759,4.772342930632516,0,Healthy,11.9399586245635
0.5658018714464985,0.03616105393858143,0.49347976356933565,0.6381239793236614,0.541573965307649,0.590029777585348,0.4490346348384321,0.02892884315086515,0.3911769485367018,0.5068923211401624,0.4296523099273524,0.46841695974951175,0.5337748966535423,0.03254494854472329,0.4686849995640957,0.5988647937429888,0.5119697811285777,0.5555800121785068,-0.3918497736323321,0.039912500321371606,-0.4716747742750753,-0.31202477298958886,-0.4185911488476511,-0.3651083984170131,2.6304091825209843,0.1316421099869892,2.367124962547006,2.8936934024949625,2.5422089688297014,2.7186093962122673,1,Water Stress,6.141950261810735
0.5233154740900339,0.035699888935842236,0.45191569621834937,0.5947152519617184,0.49939654850301957,0.5472343996770481,0.4651000446621083,0.02855991114867379,0.4079802223647607,0.5222198669594559,0.44596490419249685,0.48423518513171976,0.45320991422869183,0.03212990004225801,0.3889501141441758,0.5174697143132079,0.43168288120037895,0.4747369472570047,0.1141260022522687,0.03148551832338302,0.05115496560550266,0.17709703889903472,0.09303070497560208,0.13522129952893533,1.5756118509253274,0.33785632571015184,0.8998991995050237,2.251324502345631,1.3492481126995257,1.801975589151129,2,Nitrogen Deficiency,6.443983414702894
0.4769164835100608,0.06947728937012088,0.337961904769819,0.6158710622503025,0.4303666996320798,0.5234662673880418,0.42304219364875295,0.055581831496096704,0.31187853065655957,0.5342058566409463,0.3858023665463682,0.4602820207511377,0.4312065671938231,0.0625295604331088,0.3061474463276055,0.5562656880600407,0.38931176170364024,0.473101372684006,0.25958283192317877,0.0478359647267521,0.16391090246967457,0.355254761376683,0.22753273555625486,0.2916329282901027,2.7919409453249098,0.33797840513147637,2.1159841350619573,3.4678977555878623,2.5654954138868207,3.018386476762999,3,Disease,4.291904192668817
0.27429226625977554,0.0260604700520747,0.22217132615562613,0.32641320636392496,0.2568317513248855,0.2917527811946656,0.26778596027934265,0.02084837604165976,0.22608920819602313,0.30948271236266217,0.2538175483314306,0.2817543722272547,0.2253057313167235,0.02345442304686723,0.17839688522298902,0.27221457741045796,0.20959126787532245,0.24102019475812453,-0.0469283726171168,0.027368993569521043,-0.10166635975615888,0.007809614521925287,-0.0652655983086959,-0.0285911469255377,0.42152358990224714,0.3681969130023611,0.0,1.1579174159069694,0.17483165819066518,0.6682155216138291,4,Severe Stress,2.439443615114916
0.6804208566444546,0.044108106063246055,0.5922046445179625,0.7686370687709467,0.6508684255820798,0.7099732877068294,0.502683093814502,0.03528648485059684,0.43211012411330835,0.5732560635156957,0.47904114896460215,0.526325038664402,0.6353237530844494,0.03969729545692145,0.5559291621706065,0.7147183439982924,0.608726565128312,0.6619209410405869,0.23209702551050473,0.040208270943065526,0.1516804836243737,0.31251356739663577,0.20515748397865083,0.25903656704235867,5.845894075209406,0.3901379845777512,5.065618106053904,6.626170044364908,5.5845016255423126,6.1072865248765,0,Healthy,9.671043917100398
0.5976165478554747,0.032824690637618455,0.5319671665802378,0.6632659291307116,0.5756240051282703,0.6196090905826791,0.4446887278139583,0.026259752510094766,0.39216922279376876,0.49720823283414783,0.4270946936321948,0.46228276199572177,0.5607705585682059,0.02954222157385661,0.5016861154204927,0.6198550017159191,0.540977270113722,0.5805638470226898,-0.19962400035891187,0.026489336231299173,-0.2526026728215102,-0.14664532789631352,-0.2173718556338823,-0.18187614508394143,3.769342546507883,0.10378225599272772,3.5617780345224275,3.9769070584933384,3.699808434992755,3.8388766580230107,1,Water Stress,5.899389209095956
0.4791099433184015,0.025622358322927467,0.42786522667254656,0.5303546599642565,0.4619429632420401,0.4962769233947629,0.34122861311902414,0.020497886658341975,0.30023283980234017,0.3822243864357081,0.32749502905793504,0.35496219718011324,0.4450887384069831,0.023060122490634723,0.39896849342571367,0.49120898338825253,0.4296384563382578,0.4605390204757084,0.21580608671074755,0.05432708212628655,0.10715192245817445,0.32446025096332065,0.17940694168613558,0.2522052317353595,1.6902580530178022,0.3457190541584969,0.9988199447008084,2.381696161334796,1.4586262867316093,1.921889819303995,2,Nitrogen Deficiency,6.351984387463861
0.4920485597246623,0.08146789591952651,0.3291127678856093,0.6549843515637154,0.43746506945857955,0.5466320499907451,0.42580253755077707,0.06517431673562121,0.29545390407953465,0.5561511710220195,0.38213574533791084,0.4694693297636433,0.44039961558258894,0.07332110632757385,0.29375740292744124,0.5870418282377367,0.39127447434311446,0.4895247568220634,0.16287002263674968,0.039768497890011995,0.0833330268567257,0.24240701841677367,0.13622512905044165,0.18951491622305772,2.9423357978656295,0.3484747757311656,2.2453862464032985,3.6392853493279604,2.7088576981257484,3.1758138976055106,3,Disease,4.338020118427182
0.15127708676443388,0.024259159692829817,0.10275876737877425,0.1997954061500935,0.1350234497702379,0.16753072375862987,0.08108541726390045,0.019407327754263855,0.04227076175537274,0.11990007277242816,0.06808250766854367,0.09408832685925723,0.12054182485334718,0.021833243723546836,0.0768753374062535,0.16420831230044086,0.1059135515585708,0.13517009814812356,-0.14399298983460962,0.03391765646328666,-0.21182830276118295,-0.07615767690803629,-0.16671781966501167,-0.12126816000420755,0.8607825701664655,0.23510529367162383,0.39057198282321787,1.3309931575097131,0.7032620234064776,1.0183031169264536,4,Severe Stress,2.6474179413192744
0.7802295169763348,0.04937314814045464,0.6814832206954256,0.878975813257244,0.7471495077222302,0.8133095262304394,0.6583283688895438,0.03949851851236372,0.5793313318648163,0.7373254059142713,0.6318643614862601,0.6847923762928275,0.7004837953225912,0.04443583332640918,0.6116121286697729,0.7893554619754095,0.670711786993897,0.7302558036512854,0.2862785702435294,0.04536568553182947,0.19554719917987043,0.37700994130718835,0.2558835609372036,0.31667357954985514,5.057124839828964,0.13787942246935084,4.781365994890262,5.3328836847676655,4.964745626774499,5.149504052883429,0,Healthy,10.704710248301737
0.49876560231475486,0.02681538671070545,0.445134828893344,0.5523963757361657,0.4807992932185822,0.5167319114109276,0.3665006255693999,0.021452309368564362,0.3235960068322712,0.4094052443065286,0.3521275782924618,0.380873672846338,0.47023327761762657,0.024133848039634906,0.4219655815383567,0.5185009736968964,0.45406359943107116,0.48640295580418197,-0.19410184099417077,0.053481645009717596,-0.301065131013606,-0.08713855097473558,-0.22993454315068157,-0.15826913883765997,2.6392822963248115,0.18378282653632316,2.271716643252165,3.006847949397458,2.516147802545475,2.762416790104148,1,Water Stress,6.107204775146769
0.5041225860264746,0.029118392037221715,0.4458858019520312,0.5623593701009181,0.4846132633615361,0.5236319086914132,0.37456250645828937,0.023294713629777374,0.32797307919873464,0.4211519337178441,0.3589550483263385,0.3901699645902402,0.42570168869757274,0.026206552833499545,0.37328858303057366,0.4781147943645718,0.40814329829912804,0.44326007909601745,0.15379642594351586,0.046126511621251316,0.06154340270101323,0.2460494491860185,0.12289166315727748,0.18470118872975425,1.1053106766967313,0.38149144553454484,0.34232778562764166,1.868293567765821,0.8497114081885863,1.3609099452048765,2,Nitrogen Deficiency,7.17801120565763
0.5032129553070606,0.10024393871435004,0.30272507787836045,0.7037008327357607,0.436049516368446,0.5703763942456751,0.37859905000224875,0.08019515097148004,0.21820874805928867,0.5389893519452088,0.3248682988513571,0.4323298011531404,0.4773233616187043,0.09021954484291504,0.29688427193287426,0.6577624513045344,0.4168762665739512,0.5377704566634574,0.2576894686506597,0.04241762523921759,0.17285421817222454,0.3425247191290949,0.22926965974038394,0.2861092775609355,3.3299698069519907,0.13329684076404433,3.0633761254239023,3.5965634884800792,3.240660923640081,3.4192786902639005,3,Disease,4.617638859516063
0.20286448881634672,0.02332161779978947,0.15622125321676777,0.24950772441592567,0.18723900489048778,0.21848997274220566,0.15033164595011836,0.018657294239831576,0.1130170574704552,0.1876462344297815,0.1378312588094312,0.16283203309080552,0.21118605964535161,0.020989456019810525,0.16920714760573058,0.25316497168497265,0.19712312411207855,0.22524899517862468,-0.06771819523866501,0.03690193713247778,-0.14152206950362056,0.00608567902629055,-0.09244249311742513,-0.0429938973599049,0.6373185761502308,0.1126074025514216,0.4121037710473876,0.862533381253074,0.5618716164407783,0.7127655358596833,4,Severe Stress,2.6277890656872467
0.8336153104398301,0.042618857107903516,0.748377596224023,0.9188530246556371,0.8050606761775347,0.8621699447021254,0.6461140713980539,0.034095085686322815,0.5779239000254083,0.7143042427706995,0.6232703639882176,0.6689577788078902,0.774899989094482,0.038356971397113165,0.6981860463002556,0.8516139318887084,0.7492008182584162,0.8005991599305478,0.18401119886514683,0.05219627107365754,0.07961865671783175,0.2884037410124619,0.14903969724579627,0.2189827004844974,6.575025030397363,0.10540196668013635,6.36422109703709,6.785828963757636,6.504405712721671,6.645644348073055,0,Healthy,11.851241428296104
0.5590006488105485,0.02337741171235811,0.5122458253858322,0.6057554722352647,0.5433377829632685,0.5746635146578284,0.42535263888993174,0.01870192936988649,0.38794878015015877,0.4627564976297047,0.4128223462121078,0.4378829315677557,0.5254658143034613,0.0210396705411223,0.4833864732212167,0.5675451553857059,0.5113692350409094,0.5395623935660132,-0.30857467138416,0.048147439098431825,-0.40486954958102367,-0.21227979318729634,-0.34083345558010936,-0.27631588718821065,4.158789329717694,0.2622095429934731,3.6343702437307472,4.68320841570464,3.9831089359120666,4.334469723523321,1,Water Stress,4.741336175488602
0.43628407423882587,0.028917134231258516,0.3784498057763088,0.4941183427013429,0.41690959430388264,0.4556585541737691,0.32915378546706076,0.023133707385006815,0.28288637069704714,0.37542120023707437,0.31365420151910617,0.34465336941501534,0.39855711587280884,0.026025420808132665,0.3465062742565435,0.4506079574890742,0.38112008393135993,0.41599414781425775,0.003721210883194437,0.03199676446027939,-0.06027231803736434,0.06771473980375321,-0.017716621305192755,0.02515904307158163,1.2687679654645059,0.32295795961948104,0.6228520462255438,1.914683884703468,1.0523861325194535,1.4851497984095583,2,Nitrogen Deficiency,5.120357089945884
0.5305789990383974,0.07111981077172286,0.38833937749495173,0.6728186205818432,0.4829287258213431,0.5782292722554517,0.43378535624145637,0.056895848617378286,0.3199936590066998,0.547577053476213,0.3956651376678129,0.4719055748150998,0.5010592490229369,0.06400782969455057,0.3730435896338357,0.629074908412038,0.458174003127588,0.5439444949182858,0.27045277487823627,0.023158766487633143,0.22413524190297,0.3167703078535026,0.25493640133152207,0.28596914842495047,3.335609366452813,0.17185305097286147,2.9919032645070898,3.679315468398536,3.2204678223009955,3.45075091060463,3,Disease,5.486445696750476
0.12624064801076698,0.021909227278599272,0.08242219345356844,0.17005910256796553,0.11156146573410547,0.1409198302874285,0.13656212779236754,0.01752738182287942,0.1015073641466087,0.17161689143812636,0.12481878197103832,0.14830547361369675,0.11490332455230565,0.019718304550739345,0.07546671545082695,0.15433993365378434,0.10169206050331028,0.128114588601301,-0.2085965824582552,0.053254940575428386,-0.315106463609112,-0.10208670130739841,-0.24427739264379222,-0.17291577227271815,0.996350012953048,0.2796935524531632,0.43696290804672167,1.5557371178593744,0.8089553328094287,1.1837446930966673,4,Severe Stress,1.252852593531047
